STATEFP,COUNTYFP,TRACTCE,GEOID,NAME,NAMELSAD,MTFCC,FUNCSTAT,ALAND,AWATER,INTPTLAT,INTPTLON,pct_broadband,pct_rent_burdened,pct_uninsured,pct_poverty,median_hh_income,pct_disability,pct_hs_or_higher,pct_snap,unemployment_rate,hospital_distance_mi,nearest_hospital_id,hospital_distance_year,dist_clinic_km,norm_broadband,norm_uninsured,norm_rent_burdened,norm_poverty,norm_income,norm_disability,norm_hs_or_higher,norm_snap,norm_unemployment,eviction_risk_score,eviction_resilience_score,norm_hospital_access,norm_clinic_access,uoi_score
35,001,004402,35001004402,44.02,Census Tract 44.02,G5020,S,5103417,0,+35.0385048,-106.7008413,75.66718995290424,29.120879120879124,8.909499718943227,14.4,56667.0,20.1,82.8,18.3,2.6,4.74141904112688,3200211100 CENTRAL AVENUE SE87106,25,,0.5312814474902386,0.8218100056211355,0.5482662214110977,0.7579831932773109,0.16856319614673376,0.6514161220043573,0.6559999999999999,0.6861063464837049,0.8907563025210083,0.2792219840767195,0.7207780159232805,0.7608404132859963,,0.6473023248241584
35,001,004501,35001004501,45.01,Census Tract 45.01,G5020,S,2239577,310937,+35.0442118,-106.6727718,64.92969396195203,49.296939619520266,19.029017857142858,33.7,29387.0,25.5,67.4,41.8,7.1,3.53362178026434,3200211100 CENTRAL AVENUE SE87106,25,,0.3244469894593964,0.6194196428571428,0.2352877564321768,0.43361344537815116,0.05124500064507805,0.5337690631808278,0.3480000000000001,0.28301886792452835,0.7016806722689075,0.586599814499059,0.41340018550094104,0.8235259815986014,,0.4354007419744811
35,001,004712,35001004712,47.12,Census Tract 47.12,G5020,S,6952246,0,+35.0687417,-106.7571916,87.86256135653726,35.96608656849621,10.074949553185355,28.6,57787.0,12.4,84.3,22.9,4.1,6.70520796164067,320009601 DR MARTIN LUTHER KING JR AVE NE87102,25,,0.7661986979256055,0.7985010089362929,0.4420808479303946,0.5193277310924369,0.17337977895325335,0.8191721132897604,0.6859999999999999,0.6072041166380788,0.8277310924369748,0.40091405297552873,0.5990859470244713,0.6589183204667989,,0.6298513707669595
35,001,004713,35001004713,47.13,Census Tract 47.13,G5020,S,2823107,0,+35.0486381,-106.7488572,89.16741271262309,37.914055505819164,11.473322297211256,12.4,62714.0,13.8,83.3,36.9,4.0,6.65844913492383,320009601 DR MARTIN LUTHER KING JR AVE NE87102,25,,0.7913338153937973,0.7705335540557748,0.4118632379132646,0.7915966386554621,0.19456844278157656,0.7886710239651415,0.6659999999999999,0.3670668953687821,0.8319327731092437,0.39938511373831187,0.6006148862616881,0.6613451380473276,,0.627491151929037
35,001,004724,35001004724,47.24,Census Tract 47.24,G5020,S,1679719,0,+35.1647693,-106.7046940,94.21487603305785,21.2396694214876,8.430769230769231,2.6,85777.0,8.8,93.8,4.8,2.0,3.32049660273672,32007410501 GOLF COURSE ROAD NW87114,25,,0.8885621953803772,0.8313846153846154,0.6705224425430015,0.9563025210084034,0.2937513439126134,0.8976034858387799,0.8759999999999999,0.9176672384219554,0.9159663865546218,0.13488535286800446,0.8651146471319955,0.8345873354432879,,0.8082347564487657
35,001,004726,35001004726,47.26,Census Tract 47.26,G5020,S,1137279,0,+35.1466881,-106.7184235,95.59118236472945,15.731462925851702,10.294828419526342,8.2,72417.0,11.6,95.1,10.4,2.1,4.7957573135383,32007410501 GOLF COURSE ROAD NW87114,25,,0.9150737372180255,0.7941034316094732,0.7559677659205337,0.8621848739495799,0.23629639186341547,0.8366013071895425,0.9019999999999999,0.8216123499142367,0.9117647058823529,0.16211757608332422,0.8378824239166758,0.7580202168858136,,0.7793624780432974
35,001,004728,35001004728,47.28,Census Tract 47.28,G5020,S,2636729,0,+35.1424169,-106.7010254,95.85342333654773,17.791706846673094,5.651491365777081,11.1,81605.0,10.7,96.8,8.6,3.2,4.70857491878745,32007410501 GOLF COURSE ROAD NW87114,25,,0.9201252379892688,0.8869701726844583,0.7240085050993115,0.8134453781512605,0.275809572958328,0.8562091503267975,0.9359999999999999,0.8524871355060034,0.865546218487395,0.1861281906890074,0.8138718093109926,0.7625450474504301,,0.7893146418653254
35,001,004729,35001004729,47.29,Census Tract 47.29,G5020,S,4626170,440313,+35.1295408,-106.6940958,90.99395936298737,24.107633168588688,6.225374310480693,16.0,81528.0,10.7,96.1,10.4,10.9,4.25029217440138,320009601 DR MARTIN LUTHER KING JR AVE NE87102,25,,0.8265182556780579,0.8754925137903862,0.6260335349466278,0.73109243697479,0.2754784328903797,0.8562091503267975,0.9219999999999999,0.8216123499142367,0.5420168067226891,0.3198112178604141,0.6801887821395859,0.7863302597626234,,0.7262783741006589
35,001,004725,35001004725,47.25,Census Tract 47.25,G5020,S,1816740,0,+35.1565602,-106.7041864,89.6045918367347,16.45408163265306,2.195327891922319,3.6,89167.0,12.2,84.8,8.5,6.3,3.82988600114697,32007410501 GOLF COURSE ROAD NW87114,25,,0.7997551183935113,0.9560934421615537,0.7447582389846399,0.9394957983193277,0.3083301079430611,0.8235294117647058,0.696,0.8542024013722127,0.7352941176470589,0.18156236091919026,0.8184376390808097,0.8081496501077879,,0.7665608286693859
35,001,004720,35001004720,47.20,Census Tract 47.20,G5020,S,2722390,72603,+35.1999184,-106.6886557,84.31845597104946,33.0518697225573,5.884092253104671,18.2,61250.0,17.0,94.5,6.2,13.0,0.899901648253127,32007410501 GOLF COURSE ROAD NW87114,25,,0.6979292320064335,0.8823181549379066,0.48728725059354583,0.6941176470588235,0.1882724809701974,0.7189542483660131,0.89,0.8936535162950258,0.45378151260504207,0.3677900183618907,0.6322099816381093,0.9602179982153387,,0.6866532041048327
35,001,000714,35001000714,7.14,Census Tract 7.14,G5020,S,3242402,36408,+35.0523264,-106.5259086,79.20333487725799,27.559055118110237,8.37247294261793,13.2,66020.0,15.6,92.6,20.0,1.7,5.69510294157735,3200012211 LOMAS BOULEVARD NE87106,25,,0.5993975724753862,0.8325505411476414,0.5724938092985727,0.7781512605042017,0.2087859631015353,0.7494553376906318,0.8519999999999999,0.6569468267581475,0.9285714285714286,0.2659591687169124,0.7340408312830876,0.7113435157291774,,0.6889696255276723
35,001,004744,35001004744,47.44,Census Tract 47.44,G5020,S,20591002,258017,+35.0926123,-106.7831442,93.42629482071713,18.04780876494024,12.58693576980772,3.8,108712.0,12.2,91.3,12.5,1.9,7.39067448296635,320009601 DR MARTIN LUTHER KING JR AVE NE87102,25,,0.8733718970272755,0.7482612846038457,0.7200357580279588,0.9361344537815126,0.3923837784371909,0.8235294117647058,0.826,0.7855917667238421,0.9201680672268908,0.1595174885599489,0.8404825114400511,0.6233421026354397,,0.7648818520228662
35,001,004739,35001004739,47.39,Census Tract 47.39,G5020,S,2024800,0,+35.0655339,-106.7360794,92.21422142214222,42.439243924392436,12.4,23.8,49428.0,15.2,76.3,21.4,5.5,5.59585650370009,320009601 DR MARTIN LUTHER KING JR AVE NE87102,25,,0.8500239447021626,0.752,0.3416668521975874,0.6,0.13743172923923794,0.7581699346405228,0.5259999999999999,0.6329331046312179,0.7689075630252101,0.4141231200364962,0.5858768799635038,0.7164944790265231,,0.6083627607462463
35,001,004733,35001004733,47.33,Census Tract 47.33,G5020,S,2460350,0,+35.0497590,-106.7309168,91.4695945945946,40.28716216216216,11.644640234948605,17.3,56651.0,13.1,79.8,13.5,6.8,5.71031391575741,320009601 DR MARTIN LUTHER KING JR AVE NE87102,25,,0.8356803317740819,0.7671071953010279,0.37505073536433964,0.7092436974789915,0.16849438782092632,0.803921568627451,0.596,0.7684391080617495,0.7142857142857143,0.35824518620230117,0.6417548137976988,0.7105540549546228,,0.6448776793668906
35,001,004753,35001004753,47.53,Census Tract 47.53,G5020,S,2766687,72245,+35.1910419,-106.6662451,95.55288461538461,22.83653846153846,7.569913211186114,8.2,86250.0,9.0,94.0,6.1,3.0,1.31416903448542,32007410501 GOLF COURSE ROAD NW87114,25,,0.914336014546351,0.8486017357762777,0.645751223158467,0.8621848739495799,0.2957854900442954,0.8932461873638344,0.88,0.8953687821612349,0.8739495798319328,0.18068638522469635,0.8193136147753036,0.9387172154425715,,0.8047941102274544
35,001,004750,35001004750,47.50,Census Tract 47.50,G5020,S,2411844,0,+35.1052653,-106.7173590,92.35798937474459,26.31794033510421,9.212433564181028,14.3,82907.0,10.9,95.9,12.3,2.4,4.55732350102733,320009601 DR MARTIN LUTHER KING JR AVE NE87102,25,,0.8527933209686378,0.8157513287163795,0.591746437911281,0.7596638655462185,0.28140885047090697,0.8518518518518519,0.9180000000000001,0.7890222984562607,0.8991596638655462,0.2401019335551734,0.7598980664448266,0.7703951075454575,,0.7529792725332541
35,001,004749,35001004749,47.49,Census Tract 47.49,G5020,S,1233779,0,+35.1197965,-106.7057458,82.0281124497992,52.96184738955824,11.178247734138973,31.0,46160.0,9.5,89.2,26.4,5.8,4.38418043839199,320009601 DR MARTIN LUTHER KING JR AVE NE87102,25,,0.6538107558438884,0.7764350453172205,0.17843636028211785,0.4789915966386554,0.12337762869307187,0.8823529411764706,0.784,0.5471698113207547,0.7563025210084033,0.5097749276875172,0.4902250723124828,0.7793813601495827,,0.5960258020430166
35,001,003737,35001003737,37.37,Census Tract 37.37,G5020,S,1565380,0,+35.1450085,-106.5052655,95.69303054032889,8.45732184808144,1.1442441054091539,2.2,138248.0,7.7,96.5,2.5,2.8,4.87545272808008,3200174701 MONTGOMERY BOULEVARD NE87109,25,,0.9170356203441559,0.9771151178918169,0.8688069155014928,0.9630252100840336,0.5194039478776932,0.9215686274509803,0.93,0.9571183533447685,0.8823529411764706,0.08217414497330862,0.9178258550266913,0.7538839661139809,,0.8690310699785393
35,001,004735,35001004735,47.35,Census Tract 47.35,G5020,S,1921020,0,+35.0488898,-106.7121864,85.3146853146853,23.426573426573427,31.835205992509362,25.9,42833.0,10.9,71.3,19.9,7.0,4.82250781455339,320009601 DR MARTIN LUTHER KING JR AVE NE87102,25,,0.7171194190424958,0.36329588014981273,0.6365983839482072,0.5647058823529412,0.1090697974454909,0.8518518518518519,0.42599999999999993,0.6586620926243567,0.7058823529411764,0.35853782203332957,0.6414621779666705,0.7566318461607631,,0.5789817506517096
35,001,004745,35001004745,47.45,Census Tract 47.45,G5020,S,2986544,62008,+35.2110558,-106.6884014,88.99605436212188,25.07672073651907,3.1694167619669993,4.6,108527.0,8.1,92.8,8.9,1.6,0.599839265501052,32007410501 GOLF COURSE ROAD NW87114,25,,0.7880329702447195,0.93661166476066,0.6110006924617712,0.9226890756302522,0.3915881821700426,0.9128540305010893,0.856,0.8473413379073756,0.9327731092436975,0.17154894618922586,0.8284510538107741,0.9757914571074506,,0.8174682520027059
35,001,004747,35001004747,47.47,Census Tract 47.47,G5020,S,2824928,12285,+35.1992236,-106.7157376,87.97758532857871,29.95415180845644,2.394025916977817,13.2,59438.0,14.7,98.4,18.2,1.5,2.21440162103602,32007410501 GOLF COURSE ROAD NW87114,25,,0.7684143840537118,0.9521194816604437,0.5353401892610468,0.7781512605042017,0.18047993807250678,0.7690631808278867,0.9680000000000001,0.6878216123499142,0.9369747899159664,0.26542803699221773,0.7345719630077823,0.891994480485257,,0.7468359317130936
35,001,004743,35001004743,47.43,Census Tract 47.43,G5020,S,1501830,0,+35.0944263,-106.7383145,87.66643307638402,27.470217238962856,5.144382431448678,17.8,82088.0,7.1,89.9,17.7,4.1,5.56703138930931,320009601 DR MARTIN LUTHER KING JR AVE NE87102,25,,0.7624207140675255,0.8971123513710264,0.5738718951270427,0.7008403361344537,0.27788672429363953,0.934640522875817,0.7980000000000002,0.6963979416809605,0.8277310924369748,0.3002896836551421,0.6997103163448579,0.7179905237153242,,0.7186892101702764
35,001,003600,35001003600,36,Census Tract 36,G5020,S,10392461,433327,+35.1928879,-106.6230572,81.3997005988024,31.923652694610777,18.82123575284943,29.3,52632.0,13.9,88.6,12.6,3.1,3.20640176861937,32007410501 GOLF COURSE ROAD NW87114,25,,0.6417057711500077,0.6235752849430114,0.5047885677408435,0.507563025210084,0.15121059648217433,0.7864923747276689,0.7719999999999999,0.7838765008576329,0.8697478991596639,0.3335060017579439,0.6664939982420561,0.8405089414527855,,0.6481468961723872
35,001,003806,35001003806,38.06,Census Tract 38.06,G5020,S,98437806,9886,+35.0611656,-106.3051786,87.34353268428373,20.58414464534075,2.690455961483999,8.6,100417.0,10.8,98.1,9.3,2.6,16.2640887148029,3200174701 MONTGOMERY BOULEVARD NE87109,25,,0.7562007417709783,0.94619088077032,0.6806911837701559,0.8554621848739496,0.3567109620264052,0.8540305010893245,0.9619999999999999,0.8404802744425386,0.8907563025210083,0.18315251359808687,0.8168474864019131,0.16280536189254324,,0.7305328393157223
35,001,003738,35001003738,37.38,Census Tract 37.38,G5020,S,1422651,0,+35.1482073,-106.5161586,92.19801980198021,39.366336633663366,3.8704249053428694,9.0,68942.0,11.4,98.2,7.7,2.1,4.32963449527481,3200174701 MONTGOMERY BOULEVARD NE87109,25,,0.8497118558009649,0.9225915018931427,0.3893349193576602,0.8487394957983193,0.22135208360211586,0.840958605664488,0.9640000000000001,0.8679245283018868,0.9117647058823529,0.2455590876649452,0.7544409123350548,0.7822123348125039,,0.7598590031113435
35,001,004737,35001004737,47.37,Census Tract 47.37,G5020,S,2683898,0,+35.0339138,-106.7464415,97.53954305799648,31.56414762741652,4.7184509236590255,18.1,70502.0,8.4,92.3,25.2,4.3,7.0065860519623,320009601 DR MARTIN LUTHER KING JR AVE NE87102,25,,0.952604659546663,0.9056309815268195,0.5103653424580972,0.6957983193277311,0.22806089536833957,0.906318082788671,0.846,0.5677530017152659,0.819327731092437,0.35168890135161723,0.6483110986483828,0.643276575381794,,0.7075135589205818
35,001,940700,35001940700,9407,Census Tract 9407,G5020,S,462205009,1336537,+34.9167148,-106.7073513,79.59390862944163,8.934010152284264,17.349726775956285,16.7,55446.0,21.0,89.9,16.4,5.4,12.2328005421172,3200211100 CENTRAL AVENUE SE87106,25,,0.6069211245607186,0.6530054644808743,0.8614123513479579,0.719327731092437,0.16331226078355482,0.6318082788671024,0.7980000000000002,0.7186963979416809,0.773109243697479,0.23186356898011126,0.7681364310198887,0.3720321902066096,,0.6297625042978414
35,001,940500,35001940500,9405,Census Tract 9405,G5020,S,43131635,568981,+35.2095972,-106.5425140,93.35849056603773,11.169811320754718,1.33768352365416,4.3,133155.0,14.9,95.3,2.1,1.4,6.56153419096603,3200174701 MONTGOMERY BOULEVARD NE87109,25,,0.8720657958393806,0.9732463295269168,0.8267297819854658,0.9277310924369748,0.49750139766911794,0.7647058823529411,0.9059999999999999,0.9639794168096055,0.9411764705882353,0.08509580954492968,0.9149041904550703,0.6663750950913108,,0.8339511262299949
35,001,004502,35001004502,45.02,Census Tract 45.02,G5020,S,2936378,4014,+35.0389372,-106.6820138,83.71893744644387,25.8783204798629,14.807059527370626,13.9,40708.0,16.5,73.1,38.2,2.9,4.00837931842057,3200211100 CENTRAL AVENUE SE87106,25,,0.6863808142728451,0.7038588094525875,0.5985659826621974,0.7663865546218487,0.09993119167419258,0.7298474945533768,0.4619999999999999,0.34476843910806165,0.8781512605042017,0.3530319407759226,0.6469680592240774,0.7988857153433497,,0.606877626219266
35,001,004602,35001004602,46.02,Census Tract 46.02,G5020,S,12186180,797846,+34.9664882,-106.6989346,80.93189964157706,20.7168458781362,4.20211394689353,14.1,71467.0,13.4,88.8,11.7,5.8,8.78060185138263,3200211100 CENTRAL AVENUE SE87106,25,,0.6326946052752505,0.9159577210621295,0.678632673480502,0.7630252100840336,0.23221089751859975,0.7973856209150326,0.7759999999999999,0.7993138936535162,0.7563025210084033,0.2506814254433862,0.7493185745566138,0.5512038474615574,,0.6902726990459025
35,001,004603,35001004603,46.03,Census Tract 46.03,G5020,S,5895296,280207,+35.0202564,-106.6975789,87.62135922330097,13.511326860841425,8.37799717912553,21.6,63000.0,21.8,83.2,14.2,1.9,5.44719945002914,3200211100 CENTRAL AVENUE SE87106,25,,0.7615524645257655,0.8324400564174894,0.7904073324413645,0.6369747899159663,0.19579839160538426,0.6143790849673202,0.664,0.7564322469982847,0.9201680672268908,0.2240043908543734,0.7759956091456266,0.7242098897125733,,0.6896362323811039
35,001,004722,35001004722,47.22,Census Tract 47.22,G5020,S,5798735,422886,+35.1678662,-106.6717549,92.78434569914391,22.29922543823889,6.330275229357799,10.0,78627.0,8.2,96.8,3.7,3.4,3.02692741483761,32007410501 GOLF COURSE ROAD NW87114,25,,0.8610061463200478,0.8733944954128441,0.6540862202336795,0.8319327731092436,0.2630026233174214,0.9106753812636166,0.9359999999999999,0.9365351629502573,0.8571428571428572,0.18007574664099063,0.8199242533590094,0.849823792735287,,0.7973599452485254
35,001,004723,35001004723,47.23,Census Tract 47.23,G5020,S,4524650,67849,+35.1722852,-106.6838892,89.93135011441647,13.386727688787186,4.378935317687464,6.6,94861.0,8.4,89.7,5.4,4.1,2.55015509182506,32007410501 GOLF COURSE ROAD NW87114,25,,0.8060494044475738,0.9124212936462507,0.7923401605873649,0.8890756302521008,0.33281727088977764,0.906318082788671,0.794,0.9073756432246998,0.8277310924369748,0.14586936837471493,0.854130631625285,0.874568627810024,,0.8042697206083437
35,001,004738,35001004738,47.38,Census Tract 47.38,G5020,S,3630531,0,+35.0318747,-106.7274096,77.72087067861716,22.74861288945796,21.14040660736976,24.0,57985.0,11.8,82.4,22.4,9.8,6.20079264595002,320009601 DR MARTIN LUTHER KING JR AVE NE87102,25,,0.5708411307002856,0.5771918678526049,0.6471151569444508,0.5966386554621849,0.1742312819851202,0.8322440087145969,0.6480000000000001,0.6157804459691252,0.588235294117647,0.38805761187664806,0.6119423881233519,0.6850978472419048,,0.5935375688987921
35,001,000717,35001000717,7.17,Census Tract 7.17,G5020,S,773969,0,+35.0714616,-106.5074470,78.73254564983888,51.77228786251342,28.030303030303028,26.6,28933.0,25.9,85.4,24.9,4.5,6.27507350800393,3200174701 MONTGOMERY BOULEVARD NE87109,25,,0.5903288440882426,0.43939393939393945,0.19688924481825476,0.5529411764705883,0.049292564400292435,0.5250544662309369,0.7080000000000001,0.5728987993138936,0.8109243697478992,0.46658660241234107,0.5334133975876589,0.6812426157361848,,0.5126966020200232
35,001,980000,35001980000,9800,Census Tract 9800,G5020,S,124602223,617138,+35.0044887,-106.5361241,93.74540103016923,33.25974981604121,2.684101858224363,12.7,74806.0,10.9,98.3,5.4,13.3,7.83434881516298,3200012211 LOMAS BOULEVARD NE87106,25,,0.8795187826644778,0.9463179628355127,0.48406253818932543,0.7865546218487395,0.24657033501053627,0.8518518518518519,0.966,0.9073756432246998,0.4411764705882353,0.34520768153725,0.65479231846275,0.6003150776862363,,0.7109743283899614
35,001,980300,35001980300,9803,Census Tract 9803,G5020,S,869455,0,+35.0823612,-106.5727516,,,,,,,,,,2.61118634309927,3200012211 LOMAS BOULEVARD NE87106,25,,,,,,,,,,,,,0.8714010608723236,,0.8714010608723236
35,001,004762,35001004762,47.62,Census Tract 47.62,G5020,S,2471553,0,+35.0743603,-106.7134785,86.60869565217392,35.18840579710145,3.5635236830455956,16.6,54350.0,13.2,84.3,25.8,1.7,4.72131746036734,320009601 DR MARTIN LUTHER KING JR AVE NE87102,25,,0.7420457079152732,0.9287295263390881,0.45414451784708354,0.7210084033613445,0.15859889046574635,0.8017429193899782,0.6859999999999999,0.5574614065180102,0.9285714285714286,0.33470356092553327,0.6652964390744667,0.761883700147728,,0.674018650055568
35,001,004758,35001004758,47.58,Census Tract 47.58,G5020,S,1722953,21966,+35.1984904,-106.7319002,94.49743213499633,19.442406456346294,5.746229849193968,9.5,79300.0,10.5,96.6,9.2,9.5,3.11657597342734,32007410501 GOLF COURSE ROAD NW87114,25,,0.8940050228568204,0.8850754030161206,0.6984022461365362,0.8403361344537815,0.2658968735216961,0.8605664488017429,0.9319999999999999,0.8421955403087479,0.6008403361344539,0.2545564357416201,0.7454435642583799,0.8451709664492016,,0.7664488971679101
35,001,000907,35001000907,9.07,Census Tract 9.07,G5020,S,657477,0,+35.0691243,-106.5549217,74.01656314699792,46.99792960662526,21.271585557299844,57.0,29568.0,27.4,68.3,43.2,0.6,3.83162860116966,3200012211 LOMAS BOULEVARD NE87106,25,,0.4994857195944151,0.5745682888540031,0.2709508446180746,0.04201680672268904,0.052023394830774526,0.4923747276688454,0.36599999999999994,0.2590051457975986,0.9747899159663865,0.6133093217238128,0.3866906782761872,0.8080592078818419,,0.43392740519346285
35,001,003002,35001003002,30.02,Census Tract 30.02,G5020,S,3747286,265231,+35.1165949,-106.6811817,90.25210084033614,23.025210084033613,3.7763975155279503,10.8,85988.0,12.6,95.4,16.2,1.7,3.21521794111598,320009601 DR MARTIN LUTHER KING JR AVE NE87102,25,,0.8122279681103212,0.924472049689441,0.6428244796151676,0.8184873949579832,0.2946587537091988,0.8148148148148148,0.9080000000000001,0.7221269296740995,0.9285714285714286,0.22199744179533026,0.7780025582046697,0.8400513756003036,,0.7706235194742759
35,001,000108,35001000108,1.08,Census Tract 1.08,G5020,S,1297390,0,+35.1270736,-106.5067348,83.7298541826554,42.51726784343822,5.851493139628733,15.0,64028.0,11.5,94.0,7.5,2.6,4.71750820179376,3200174701 MONTGOMERY BOULEVARD NE87109,25,,0.6865911014030736,0.8829701372074253,0.3404565164922482,0.7478991596638656,0.20021932653851116,0.8387799564270153,0.88,0.8713550600343053,0.8907563025210083,0.28738324032214313,0.7126167596778569,0.7620814034761525,,0.7101108963763606
35,001,003718,35001003718,37.18,Census Tract 37.18,G5020,S,1217949,0,+35.1340916,-106.5423989,92.99474605954467,36.77758318739055,7.890102148643889,10.4,68250.0,20.4,93.6,11.7,7.5,2.70904869438773,3200174701 MONTGOMERY BOULEVARD NE87109,25,,0.8650590506982803,0.8421979570271222,0.42949261416026685,0.8252100840336134,0.21837612351094482,0.644880174291939,0.8719999999999999,0.7993138936535162,0.6848739495798319,0.3152773646431929,0.6847226353568071,0.8663219326893834,,0.7047725779644898
35,001,004756,35001004756,47.56,Census Tract 47.56,G5020,S,4009944,0,+35.1839118,-106.7167793,91.67776298268974,22.969374167776298,3.349282296650718,10.8,93958.0,16.4,95.3,12.8,5.9,2.10091992213624,32007410501 GOLF COURSE ROAD NW87114,25,,0.8396902420704018,0.9330143540669856,0.6436906268673571,0.8184873949579832,0.32893390100202125,0.7320261437908497,0.9059999999999999,0.7804459691252144,0.7521008403361344,0.25131879217832775,0.7486812078216722,0.8978842643249161,,0.7632273736541864
35,001,002302,35001002302,23.02,Census Tract 23.02,G5020,S,2299057,158750,+35.0789960,-106.6813111,71.13970588235294,28.768382352941174,13.042049934296978,11.3,40972.0,19.7,70.9,18.1,2.8,2.37545571980249,320009601 DR MARTIN LUTHER KING JR AVE NE87102,25,,0.44406933446455504,0.7391590013140604,0.5537342808147995,0.8100840336134454,0.10106652905001505,0.6601307189542484,0.4180000000000001,0.6895368782161235,0.8823529411764706,0.2660729665447903,0.7339270334552097,0.8836356540187681,,0.6181769371622486
35,001,004763,35001004763,47.63,Census Tract 47.63,G5020,S,1909139,348,+35.2115872,-106.6683711,95.40229885057471,39.0282131661442,15.076660988074957,10.0,65707.0,14.2,95.4,8.6,4.9,0.6058683640811,32007410501 GOLF COURSE ROAD NW87114,25,,0.9114353079870321,0.6984667802385008,0.39458001484320493,0.8319327731092436,0.20743990022792758,0.7799564270152506,0.9080000000000001,0.8524871355060034,0.7941176470588235,0.2817206073706811,0.718279392629319,0.9754785424460669,,0.7353894528432054
35,001,004800,35001004800,48,Census Tract 48,G5020,S,4129575,202613,+35.0998175,-106.6736347,89.74906567004805,36.35878270154832,7.736093143596377,20.5,49606.0,18.0,91.8,19.8,3.7,2.16135587585844,320009601 DR MARTIN LUTHER KING JR AVE NE87102,25,,0.8025380919134256,0.8452781371280724,0.43598920120213036,0.6554621848739496,0.13819722186384553,0.6971677559912854,0.836,0.660377358490566,0.8445378151260504,0.3509083600768259,0.6490916399231741,0.8947475937690607,,0.6810295360358385
35,001,002303,35001002303,23.03,Census Tract 23.03,G5020,S,2098591,109659,+35.0708484,-106.6807262,66.5650406504065,19.817073170731707,9.561304836895388,18.9,44875.0,18.9,84.1,15.5,4.0,2.57381840906991,320009601 DR MARTIN LUTHER KING JR AVE NE87102,25,,0.35594837919533034,0.8087739032620922,0.6925902783762821,0.6823529411764706,0.11785146002666323,0.6775599128540305,0.6819999999999999,0.7341337907375642,0.8319327731092437,0.26474755415010987,0.7352524458498901,0.8733404841987398,,0.6456483922936416
35,001,004764,35001004764,47.64,Census Tract 47.64,G5020,S,1480774,43421,+35.2003933,-106.6657021,84.82315112540194,35.62700964630225,15.04564054139125,13.7,76635.0,9.6,96.4,9.2,6.5,0.808102340022975,32007410501 GOLF COURSE ROAD NW87114,25,,0.7076510841784155,0.699087189172175,0.44734073375524075,0.7697478991596639,0.25443598675439727,0.8801742919389979,0.9280000000000002,0.8421955403087479,0.7268907563025211,0.3034562676184566,0.6965437323815433,0.9649824499934472,,0.7220505931563606
35,001,980600,35001980600,9806,Census Tract 9806,G5020,S,41209096,71725,+35.1405385,-106.7609693,100.0,0.0,50.0,0.0,,50.0,50.0,0.0,0.0,6.13967707576059,32007410501 GOLF COURSE ROAD NW87114,25,,1.0,0.0,1.0,1.0,,0.0,0.0,1.0,1.0,0.0,1.0,0.688269790393471,,0.6320299767103856
35,001,001202,35001001202,12.02,Census Tract 12.02,G5020,S,10204782,0,+35.0503355,-106.6267294,88.58267716535433,34.25196850393701,19.31740614334471,20.2,58113.0,19.9,76.8,18.6,1.1,2.24327861178171,3200211100 CENTRAL AVENUE SE87106,25,,0.7800701594992933,0.6136518771331059,0.46867087727108325,0.6605042016806723,0.17478174859157958,0.6557734204793029,0.5359999999999999,0.6809605488850772,0.953781512605042,0.30902071488953137,0.6909792851104686,0.8904957433753892,,0.6414690089520546
35,001,001201,35001001201,12.01,Census Tract 12.01,G5020,S,1676950,0,+35.0659860,-106.6187115,76.22811970638057,35.573122529644266,11.495983935742972,35.6,36727.0,13.7,91.2,35.3,9.0,1.4511414483289,3200211100 CENTRAL AVENUE SE87106,25,,0.5420865366517539,0.7700803212851406,0.4481766505118787,0.4016806722689076,0.08281082010923321,0.7908496732026143,0.8240000000000001,0.39451114922813035,0.6218487394957983,0.5334456971238213,0.4665543028761787,0.9316082461783125,,0.5807652808931769
35,001,000905,35001000905,9.05,Census Tract 9.05,G5020,S,647801,0,+35.0691814,-106.5819291,85.6301531213192,44.87632508833922,19.67895362663496,32.4,33840.0,22.9,87.2,32.7,11.1,2.47718393377496,3200012211 LOMAS BOULEVARD NE87106,25,,0.7231962187792575,0.6064209274673008,0.303861953576646,0.4554621848739496,0.07039521782135638,0.5904139433551199,0.7440000000000001,0.43910806174957107,0.5336134453781514,0.5669885886054205,0.43301141139457955,0.8783558847123395,,0.5344827837713693
35,001,002301,35001002301,23.01,Census Tract 23.01,G5020,S,902590,0,+35.0758846,-106.6953584,73.54260089686099,27.65321375186846,23.20675105485232,12.2,61534.0,15.9,63.3,23.0,5.6,3.20520298394651,320009601 DR MARTIN LUTHER KING JR AVE NE87102,25,,0.49035586984017476,0.5358649789029537,0.571033185969249,0.7949579831932774,0.18949382875327914,0.7429193899782135,0.26599999999999996,0.6054888507718696,0.7647058823529412,0.3159535244281657,0.6840464755718343,0.8405711592611361,,0.5801391129023095
35,001,000605,35001000605,6.05,Census Tract 6.05,G5020,S,1626933,0,+35.0790451,-106.5669181,80.0,45.527065527065524,21.977367480643238,35.7,32349.0,19.5,72.0,38.7,12.9,2.98072313274023,3200012211 LOMAS BOULEVARD NE87106,25,,0.6147435897435897,0.5604526503871352,0.29376742874976103,0.3999999999999999,0.06398314196017718,0.6644880174291938,0.44,0.3361921097770153,0.45798319327731096,0.6280143170489783,0.37198568295102175,0.8522218290412162,,0.46838319603653994
35,001,940601,35001940601,9406.01,Census Tract 9406.01,G5020,S,12709483,6599,+35.1754790,-106.7389615,92.82774838330394,18.636096413874192,4.082608279950282,4.5,113510.0,9.5,98.0,3.9,4.4,3.88258685783982,32007410501 GOLF COURSE ROAD NW87114,25,,0.8618422044347971,0.9183478344009943,0.7109100238271813,0.9243697478991597,0.4130176751386918,0.8823529411764706,0.96,0.9331046312178388,0.8151260504201681,0.15412238665891306,0.8458776133410869,0.8054144367906182,,0.822448554530592
35,001,004760,35001004760,47.60,Census Tract 47.60,G5020,S,3928643,12628,+35.0920810,-106.7203467,77.52808988764045,41.12359550561798,4.316546762589928,31.8,32026.0,21.3,85.8,42.5,0.5,4.38698027467743,320009601 DR MARTIN LUTHER KING JR AVE NE87102,25,,0.5671276289253817,0.9136690647482014,0.36207567395878837,0.46554621848739497,0.06259407388293983,0.625272331154684,0.716,0.2710120068610634,0.9789915966386554,0.4805936260135244,0.5194063739864756,0.7792360465821304,,0.574152464123924
35,001,004761,35001004761,47.61,Census Tract 47.61,G5020,S,2262192,0,+35.0648850,-106.7139971,93.85665529010238,14.220705346985211,12.376433372874654,1.4,88737.0,7.4,95.2,4.2,2.8,4.42260895991292,320009601 DR MARTIN LUTHER KING JR AVE NE87102,25,,0.8816618535048567,0.752471332542507,0.7794031926739751,0.9764705882352941,0.3064808841869866,0.9281045751633987,0.904,0.9279588336192109,0.8823529411764706,0.10845361107376232,0.8915463889262377,0.7773868915504136,,0.8116291092653114
35,001,000906,35001000906,9.06,Census Tract 9.06,G5020,S,1466858,0,+35.0576926,-106.5807232,80.43478260869566,58.74094202898551,10.44822256568779,34.8,23035.0,30.0,83.8,51.4,16.6,3.04286768233655,3200012211 LOMAS BOULEVARD NE87106,25,,0.6231187290969901,0.7910355486862441,0.08878892046909415,0.41512605042016815,0.023928095299531243,0.43572984749455335,0.6759999999999999,0.11835334476843906,0.30252100840336127,0.7688026689847344,0.23119733101526563,0.8489964810997958,,0.43235980257381773
35,001,003743,35001003743,37.43,Census Tract 37.43,G5020,S,3320745,0,+35.1816557,-106.5498132,96.55765920826161,19.19104991394148,5.901065691108637,4.3,128526.0,6.1,96.3,1.2,3.1,4.15576904174408,3200174701 MONTGOMERY BOULEVARD NE87109,25,,0.9336908071847829,0.8819786861778273,0.7023013811936287,0.9277310924369748,0.477594288908958,0.9564270152505446,0.9259999999999999,0.9794168096054888,0.8697478991596639,0.13020070440106096,0.8697992955989391,0.7912360800366975,,0.8446124059954567
35,001,002403,35001002403,24.03,Census Tract 24.03,G5020,S,1417394,0,+35.0875253,-106.7054609,78.80839539607311,44.75287745429925,9.995285242809995,34.9,34301.0,16.4,84.9,39.9,11.0,3.6909378986073,320009601 DR MARTIN LUTHER KING JR AVE NE87102,25,,0.5917899241358955,0.8000942951438001,0.305776918641789,0.4134453781512605,0.07237775770868275,0.7320261437908497,0.6980000000000001,0.31560891938250424,0.5378151260504203,0.6068384144435065,0.3931615855564935,0.815361159071997,,0.5282295622077199
35,001,004755,35001004755,47.55,Census Tract 47.55,G5020,S,5220848,100001,+35.2101705,-106.7457766,96.61627069834412,13.102951763858892,8.231458842705788,3.7,103229.0,7.6,95.9,14.5,5.8,3.27059462765891,32007410501 GOLF COURSE ROAD NW87114,25,,0.9348198297982313,0.8353708231458843,0.7967421970199982,0.9378151260504202,0.36880402528705974,0.9237472766884531,0.9180000000000001,0.7512864493996569,0.7563025210084033,0.18946342663038035,0.8105365733696197,0.837177284741103,,0.8060065533139211
35,001,002404,35001002404,24.04,Census Tract 24.04,G5020,S,1414615,0,+35.0757476,-106.7035232,78.09187279151944,36.66077738515901,12.791358726549177,32.7,35313.0,15.2,74.4,30.9,3.3,3.6534357136524,320009601 DR MARTIN LUTHER KING JR AVE NE87102,25,,0.5779876778109994,0.7441728254690165,0.4313045486895829,0.45042016806722684,0.07672988431600224,0.7581699346405228,0.4880000000000001,0.4699828473413379,0.8613445378151261,0.4467369745216816,0.5532630254783184,0.817307550120428,,0.5675419974270243
35,001,940602,35001940602,9406.02,Census Tract 9406.02,G5020,S,911680318,2601105,+35.1038429,-106.9756830,48.0865224625624,18.96838602329451,17.36263736263736,35.2,35469.0,29.3,67.7,27.5,23.8,17.8035202685751,32007410501 GOLF COURSE ROAD NW87114,25,,0.0,0.6527472527472528,0.7057554252923572,0.4084033613445378,0.0774007654926246,0.4509803921568627,0.35400000000000004,0.5283018867924528,0.0,0.589384831642663,0.410615168357337,0.08290772927359524,,0.3260496813099683
35,001,940800,35001940800,9408,Census Tract 9408,G5020,S,23152306,0,+35.0210893,-106.9629619,,,,,,,,,,18.718364539756,320009601 DR MARTIN LUTHER KING JR AVE NE87102,25,,,,,,,,,,,,,0.035426637111197534,,0.035426637111197534
35,001,003740,35001003740,37.40,Census Tract 37.40,G5020,S,1218839,0,+35.1377284,-106.5820765,90.37860368183397,36.08891976380688,13.321396598030438,23.4,45171.0,18.5,95.0,16.2,4.6,0.630924241913665,3200174701 MONTGOMERY BOULEVARD NE87109,25,,0.8146647696404555,0.7335720680393912,0.44017541426462126,0.6067226890756303,0.11912441405410054,0.6862745098039216,0.9,0.7221269296740995,0.8067226890756303,0.35606306947750466,0.6439369305224953,0.9741781239135858,,0.6803561607541436
35,001,003739,35001003739,37.39,Census Tract 37.39,G5020,S,846258,0,+35.1355979,-106.5734854,99.16230366492147,18.848167539267017,0.18009905447996397,5.7,77652.0,17.7,89.9,5.1,9.7,0.99677039602636,3200174701 MONTGOMERY BOULEVARD NE87109,25,,0.9838636058531347,0.9963980189104007,0.7076202985958226,0.9042016806722689,0.2588096159635316,0.7037037037037037,0.7980000000000002,0.9125214408233276,0.5924369747899161,0.22080490127966618,0.7791950987203338,0.9551904387873937,,0.7812745778099501
35,001,000908,35001000908,9.08,Census Tract 9.08,G5020,S,932815,0,+35.0672991,-106.5647894,81.87744458930901,63.23337679269883,12.883925009972078,59.5,20922.0,24.2,62.4,58.3,10.3,3.37322434401365,3200012211 LOMAS BOULEVARD NE87106,25,,0.6509084678902152,0.7423214998005585,0.019100621484283264,0.0,0.014841095772588483,0.5620915032679739,0.24799999999999997,0.0,0.5672268907563025,0.8534181219398536,0.14658187806014644,0.831850726796383,,0.3636340805768305
35,001,000715,35001000715,7.15,Census Tract 7.15,G5020,S,1015249,0,+35.0701709,-106.5420203,69.34306569343066,57.907542579075425,25.73354480570975,51.1,25270.0,19.7,63.2,48.9,0.0,4.49440251346608,3200012211 LOMAS BOULEVARD NE87106,25,,0.4094609769792252,0.48532910388580497,0.10171691900303503,0.14117647058823524,0.033539758310755605,0.6601307189542484,0.26400000000000007,0.1612349914236707,1.0,0.6489679047462648,0.35103209525373524,0.7736607531897028,,0.4030249692334678
35,001,003742,35001003742,37.42,Census Tract 37.42,G5020,S,26986329,179290,+35.1626368,-106.4386039,93.48230912476723,13.081936685288639,1.8143899895724716,4.7,141990.0,15.6,99.7,0.7,8.5,7.9567074190956,3200174701 MONTGOMERY BOULEVARD NE87109,25,,0.874450890512343,0.9637122002085505,0.7970681906416356,0.9210084033613446,0.5354964950759041,0.7494553376906318,0.9940000000000001,0.9879931389365352,0.6428571428571428,0.16276828105083546,0.8372317189491645,0.5939645759306886,,0.8060006375214777
35,001,000716,35001000716,7.16,Census Tract 7.16,G5020,S,2389760,9489,+35.0790803,-106.5413744,82.64129181084199,28.604382929642448,4.5370938074800735,22.2,55957.0,22.6,86.0,24.6,2.4,4.36835692500563,3200012211 LOMAS BOULEVARD NE87106,25,,0.6656223198178217,0.9092581238503985,0.5562783001373486,0.626890756302521,0.16550982668902936,0.5969498910675382,0.72,0.5780445969125214,0.8991596638655462,0.3349066706955157,0.6650933293044843,0.7802026121605515,,0.6497916090803277
35,001,000718,35001000718,7.18,Census Tract 7.18,G5020,S,2244324,0,+35.0736440,-106.5244740,82.24821973550355,32.45167853509665,17.137896825396826,17.4,54474.0,16.8,85.5,14.9,5.9,5.39035006051559,3200012211 LOMAS BOULEVARD NE87106,25,,0.6580506429819755,0.6572420634920635,0.49659763685839475,0.7075630252100841,0.1591321549907539,0.7233115468409586,0.71,0.7444253859348199,0.7521008403361344,0.3248282779151417,0.6751717220848583,0.7271604149417302,,0.6335583711586914
35,001,003744,35001003744,37.44,Census Tract 37.44,G5020,S,3221090,0,+35.1914531,-106.5434941,100.0,6.730769230769231,0.0,1.6,250001.0,5.8,100.0,0.0,0.0,4.91758480122224,3200174701 MONTGOMERY BOULEVARD NE87109,25,,1.0,1.0,0.8955898341940745,0.973109243697479,1.0,0.9629629629629629,1.0,1.0,1.0,0.03282523052711163,0.9671747694728884,0.7516972804551489,,0.9583359321309665
35,001,004754,35001004754,47.54,Census Tract 47.54,G5020,S,2154780,11739,+35.2112130,-106.7145283,94.44126074498568,20.0,4.1793643883326075,9.7,63856.0,6.0,97.2,3.7,6.3,1.99736887840181,32007410501 GOLF COURSE ROAD NW87114,25,,0.8929230034530896,0.9164127122333479,0.6897526501766784,0.8369747899159664,0.19947963703608138,0.9586056644880174,0.9440000000000001,0.9365351629502573,0.7352941176470589,0.20036081982750975,0.7996391801724902,0.9032586398399098,,0.8013236377740407
35,001,004900,35001004900,49,Census Tract 49,G5020,S,1702957,0,+35.0833595,-106.6306197,75.89928057553958,54.40647482014388,7.881481481481481,28.6,30078.0,18.0,93.4,16.5,6.5,0.299048743106976,3200211100 CENTRAL AVENUE SE87106,25,,0.535752167496772,0.8423703703703704,0.15602676869105436,0.5193277310924369,0.05421666021588612,0.6971677559912854,0.8680000000000001,0.7169811320754718,0.7268907563025211,0.47019340295962897,0.529806597040371,0.9914027069838187,,0.6108136049219617
35,001,001702,35001001702,17.02,Census Tract 17.02,G5020,S,816492,0,+35.0773005,-106.6187466,89.05852417302799,50.38167938931297,13.278319579894973,35.6,30342.0,13.6,96.5,23.3,3.6,0.81660618351619,3200012211 LOMAS BOULEVARD NE87106,25,,0.7892363149996737,0.7344336084021006,0.21846087449086948,0.4016806722689076,0.0553519975917086,0.7930283224400871,0.93,0.6003430531732419,0.8487394957983193,0.4826939760671654,0.5173060239328346,0.9645410942465125,,0.633581543341142
35,001,003745,35001003745,37.45,Census Tract 37.45,G5020,S,3489579,19189,+35.1463429,-106.6116042,87.87878787878788,23.484848484848484,0.0,13.2,72728.0,27.4,96.8,29.0,2.7,1.58738256660391,3200174701 MONTGOMERY BOULEVARD NE87109,25,,0.7665112665112664,1.0,0.6356943998286755,0.7781512605042017,0.23763385369629725,0.4923747276688454,0.9359999999999999,0.5025728987993139,0.8865546218487395,0.2992567047547674,0.7007432952452326,0.9245372316932202,,0.716003026055056
35,001,004757,35001004757,47.57,Census Tract 47.57,G5020,S,1688091,7972,+35.1973401,-106.7437006,89.45191313340227,26.215098241985523,0.36913990402362495,9.9,80556.0,13.6,98.9,12.6,2.7,3.69516494657658,32007410501 GOLF COURSE ROAD NW87114,25,,0.7968140959350886,0.9926172019195275,0.5933417622532988,0.8336134453781512,0.2712983270975788,0.7930283224400871,0.9780000000000001,0.7838765008576329,0.8865546218487395,0.2256534174155444,0.7743465825844555,0.8151417721659117,,0.7744286049896016
35,001,001701,35001001701,17.01,Census Tract 17.01,G5020,S,1238790,0,+35.0806037,-106.6088215,94.8905109489051,26.38164754953076,4.779607010090282,10.0,96970.0,5.7,97.5,10.3,1.8,0.800914691446568,3200012211 LOMAS BOULEVARD NE87106,25,,0.9015768294965374,0.9044078597981944,0.5907581881892578,0.8319327731092436,0.34188706833526855,0.9651416122004357,0.95,0.8233276157804459,0.9243697478991597,0.20740291875547323,0.7925970812445268,0.9653554942538072,,0.819875718906235
35,001,000503,35001000503,5.03,Census Tract 5.03,G5020,S,1592058,0,+35.0830703,-106.5949158,83.49950149551346,38.33499501495513,7.927762473217019,15.2,45643.0,23.6,98.1,14.7,4.0,1.38932402765558,3200012211 LOMAS BOULEVARD NE87106,25,,0.6821538589360124,0.8414447505356596,0.40533346955599636,0.7445378151260504,0.12115425966541951,0.5751633986928104,0.9619999999999999,0.7478559176672384,0.8319327731092437,0.3175850061353678,0.6824149938646322,0.9348166158874466,,0.6846392859175877
35,001,000504,35001000504,5.04,Census Tract 5.04,G5020,S,1044801,0,+35.0759658,-106.5957285,88.18443804034582,37.17579250720461,3.8519637462235647,13.1,65577.0,12.2,95.6,10.7,8.8,1.57072182127037,3200012211 LOMAS BOULEVARD NE87106,25,,0.7723989507130719,0.9229607250755287,0.42331544485290373,0.7798319327731092,0.20688083258074227,0.8235294117647058,0.9119999999999999,0.8164665523156089,0.6302521008403361,0.33753349230451046,0.6624665076954895,0.9254019366595145,,0.7213037887575522
35,001,000719,35001000719,7.19,Census Tract 7.19,G5020,S,1658984,40381,+35.0484926,-106.5168182,100.0,11.599625818521982,3.0877192982456143,2.8,135077.0,12.4,95.2,1.4,8.4,6.39210130953492,3200012211 LOMAS BOULEVARD NE87106,25,,1.0,0.9382456140350877,0.8200623415430689,0.9529411764705882,0.5057669978067346,0.8191721132897604,0.904,0.9759862778730704,0.6470588235294117,0.1509878451459652,0.8490121548540348,0.6751687865555276,,0.823840213110325
35,001,000720,35001000720,7.20,Census Tract 7.20,G5020,S,13451698,87445,+35.0523932,-106.4664695,94.23172550969667,17.4042764793635,3.5021415973796923,6.9,111899.0,17.4,99.7,6.4,7.4,8.36097529616925,3200012211 LOMAS BOULEVARD NE87106,25,,0.8888867638246057,0.9299571680524061,0.7300184673342553,0.8840336134453781,0.40608953683395693,0.710239651416122,0.9940000000000001,0.8902229845626072,0.6890756302521008,0.20166232610141463,0.7983376738985853,0.5729827750556026,,0.7695506590777035
35,001,003741,35001003741,37.41,Census Tract 37.41,G5020,S,13560954,18693,+35.1797297,-106.4440889,100.0,4.290822407628129,0.5065856129685917,2.0,200625.0,4.1,99.3,0.0,0.7,8.1124382964968,3200174701 MONTGOMERY BOULEVARD NE87109,25,,1.0,0.9898682877406282,0.9334391859735425,0.9663865546218487,0.7876575065582936,1.0,0.986,1.0,0.9705882352941176,0.03239650602762279,0.9676034939723772,0.5858820285777138,,0.9219821798766145
35,001,980500,35001980500,9805,Census Tract 9805,G5020,S,622266,0,+35.0076895,-106.8603406,,,,,,,68.5,,,13.5411797159821,320009601 DR MARTIN LUTHER KING JR AVE NE87102,25,,,,,,,,0.37,,,,,0.30412634645305914,,0.33706317322652957
35,001,004759,35001004759,47.59,Census Tract 47.59,G5020,S,3096346,512,+35.0844093,-106.7368925,75.81317764804002,27.522935779816514,7.5976622577668405,27.2,38931.0,15.5,76.3,15.9,10.5,5.36163336903547,320009601 DR MARTIN LUTHER KING JR AVE NE87102,25,,0.5340935822587197,0.8480467548446632,0.5730541057477226,0.5428571428571429,0.0922891669892057,0.7516339869281046,0.5259999999999999,0.7272727272727273,0.5588235294117647,0.39949812367766063,0.6005018763223393,0.728650832401531,,0.5882721828711581
35,001,004716,35001004716,47.16,Census Tract 47.16,G5020,S,3690830,268316,+35.2004468,-106.6521468,84.64765100671141,41.61073825503356,27.8376990241397,18.9,52128.0,25.1,95.6,12.9,2.1,1.46730237581128,32007410501 GOLF COURSE ROAD NW87114,25,,0.7042704568921012,0.443246019517206,0.35451893660919676,0.6823529411764706,0.14904313421924054,0.5424836601307189,0.9119999999999999,0.7787307032590052,0.9117647058823529,0.3181581782682436,0.6818418217317563,0.9307694821269946,,0.6409180039813287
35,001,003805,35001003805,38.05,Census Tract 38.05,G5020,S,104738801,167831,+35.1223891,-106.4050130,91.66666666666666,16.85823754789272,6.139266584260404,9.5,101304.0,15.3,96.1,4.1,4.6,9.58271223631784,3200174701 MONTGOMERY BOULEVARD NE87109,25,,0.8394764957264955,0.8772146683147919,0.7384888239037137,0.8403361344537815,0.3605255235883542,0.75599128540305,0.9219999999999999,0.9296740994854202,0.8067226890756303,0.1711945632703636,0.8288054367296365,0.5095737271107308,,0.7580003447061967
35,001,004001,35001004001,40.01,Census Tract 40.01,G5020,S,97481993,2082666,+34.9935454,-106.6331046,83.0779054916986,32.69476372924649,15.844364219815482,14.1,57074.0,13.8,82.8,19.9,6.9,6.3238737123427,3200211100 CENTRAL AVENUE SE87106,25,,0.6740327307856044,0.6831127156036904,0.492826809995081,0.7630252100840336,0.17031350793446007,0.7886710239651415,0.6559999999999999,0.6586620926243567,0.7100840336134453,0.34385046342077086,0.6561495365792291,0.6787098491520294,,0.6275437973757843
35,001,003712,35001003712,37.12,Census Tract 37.12,G5020,S,2622814,0,+35.1668219,-106.5510898,92.27504244482174,23.2597623089983,2.562642369020501,4.7,84847.0,19.7,97.1,4.5,12.4,3.29607151993149,3200174701 MONTGOMERY BOULEVARD NE87109,25,,0.8511955291454443,0.94874715261959,0.6391860193056448,0.9210084033613446,0.289751859975057,0.6601307189542484,0.9419999999999998,0.9228130360205832,0.4789915966386554,0.259500236168443,0.740499763831557,0.8358550152487835,,0.7489679331269351
35,001,004604,35001004604,46.04,Census Tract 46.04,G5020,S,7893876,712807,+35.0003401,-106.6989635,81.62274618585298,30.235783633841883,6.9331667707682705,12.3,59336.0,18.6,77.7,18.7,1.3,6.67016102524697,3200211100 CENTRAL AVENUE SE87106,25,,0.6460022582595396,0.8613366645846345,0.53097141288846,0.7932773109243697,0.18004128499548444,0.6840958605664488,0.554,0.679245283018868,0.9453781512605042,0.26278196047694957,0.7372180395230504,0.6607372823047202,,0.6535085508803029
35,001,004727,35001004727,47.27,Census Tract 47.27,G5020,S,949798,0,+35.1496294,-106.7087511,89.01408450704226,30.28169014084507,6.619504800404244,21.4,71500.0,17.4,97.0,13.8,1.2,4.36839476307732,32007410501 GOLF COURSE ROAD NW87114,25,,0.7883802816901408,0.8676099039919152,0.5302592942815907,0.6403361344537815,0.23235281469057756,0.710239651416122,0.94,0.7632933104631218,0.9495798319327731,0.27913285721718323,0.7208671427828168,0.7802006483367339,,0.7202251871256757
35,001,003730,35001003730,37.30,Census Tract 37.30,G5020,S,2680113,17771,+35.1674977,-106.5333800,91.9836161497952,17.963721474546517,0.6537326022775201,1.3,137969.0,8.3,97.6,3.5,3.1,4.04440036742685,3200174701 MONTGOMERY BOULEVARD NE87109,25,,0.8455818367316318,0.9869253479544496,0.7213401509778827,0.9781512605042016,0.5182041026964262,0.9084967320261438,0.9519999999999998,0.9399656946826758,0.8697478991596639,0.12269874866889399,0.877301251331106,0.7970161963426505,,0.8517429221075726
35,001,001500,35001001500,15,Census Tract 15,G5020,S,1491077,0,+35.0774472,-106.6428550,81.08465608465607,39.81481481481482,16.2839248434238,26.2,40100.0,15.6,81.1,25.0,6.6,0.506389324908742,3200211100 CENTRAL AVENUE SE87106,25,,0.6356371252204583,0.674321503131524,0.3823779609998692,0.5596638655462185,0.09731647529351052,0.7494553376906318,0.6219999999999999,0.5711835334476844,0.7226890756302522,0.44102139109399396,0.558978608906006,0.9806415779221185,,0.5995286454882267
35,001,000126,35001000126,1.26,Census Tract 1.26,G5020,S,1321204,0,+35.0975439,-106.5067542,85.17566409597258,30.93401885175664,1.8703784254023488,11.2,60938.0,15.4,98.1,7.1,1.7,5.27094101794046,3200174701 MONTGOMERY BOULEVARD NE87109,25,,0.714441478258959,0.9625924314919531,0.5201401315928917,0.8117647058823529,0.18693071861695265,0.7538126361655773,0.9619999999999999,0.8782161234991424,0.9285714285714286,0.2153269026135461,0.784673097386454,0.7333578322881982,,0.7451827486367456
35,001,003804,35001003804,38.04,Census Tract 38.04,G5020,S,61364985,30707,+35.1237696,-106.3067493,93.18479685452162,22.848405417212756,5.628344713046688,5.6,98536.0,12.5,94.3,9.1,3.0,15.8482677640505,3200174701 MONTGOMERY BOULEVARD NE87109,25,,0.8687199650502402,0.8874331057390663,0.645567138581046,0.9058823529411765,0.34862168322367004,0.8169934640522876,0.8859999999999999,0.8439108061749572,0.8739495798319328,0.18267253061772193,0.8173274693822781,0.18438677580930207,,0.7261464871403679
35,001,000401,35001000401,4.01,Census Tract 4.01,G5020,S,2439816,0,+35.0992850,-106.5914848,92.67650158061117,32.82402528977871,3.400562851782364,11.4,68204.0,7.8,97.6,10.5,3.7,1.67207321409333,3200012211 LOMAS BOULEVARD NE87106,25,,0.8589287644213883,0.9319887429643527,0.49082165716562354,0.8084033613445378,0.21817829957424847,0.9193899782135077,0.9519999999999998,0.8198970840480274,0.8445378151260504,0.25908502057894023,0.7409149794210598,0.9201417246485648,,0.77642874275063
35,001,000114,35001000114,1.14,Census Tract 1.14,G5020,S,1295736,0,+35.1125918,-106.5243728,78.04681194511703,33.49475383373689,7.218683651804671,16.9,52361.0,22.2,93.5,9.3,10.9,3.94848421828881,3200174701 MONTGOMERY BOULEVARD NE87109,25,,0.577119678814594,0.8556263269639066,0.4804170695049296,0.7159663865546219,0.15004515546381111,0.6056644880174291,0.87,0.8404802744425386,0.5420168067226891,0.3552798656938052,0.6447201343061948,0.8019943151991057,,0.6439330501683626
35,001,003729,35001003729,37.29,Census Tract 37.29,G5020,S,4276578,0,+35.1671452,-106.5103260,89.22872340425532,11.569148936170212,7.467687888942078,2.4,129500.0,17.2,95.6,0.8,11.4,5.13152055753166,3200174701 MONTGOMERY BOULEVARD NE87109,25,,0.7925148322422259,0.8506462422211585,0.8205351101420946,0.9596638655462185,0.48178299574248484,0.7145969498910676,0.9119999999999999,0.9862778730703259,0.5210084033613445,0.1781286869700041,0.8218713130299959,0.7405938569740709,,0.7779620129190992
35,001,004715,35001004715,47.15,Census Tract 47.15,G5020,S,56846139,127101,+34.9842508,-106.7562106,81.98847262247838,44.74063400576369,20.9088822584347,29.9,50188.0,28.2,65.4,32.0,5.1,9.39740528958799,3200211100 CENTRAL AVENUE SE87106,25,,0.6530471809650483,0.581822354831306,0.30596684351483194,0.49747899159663866,0.14070012471509052,0.4749455337690631,0.3080000000000001,0.451114922813036,0.7857142857142857,0.4899312390903019,0.5100687609096981,0.5191912942674396,,0.471798153218674
35,001,000117,35001000117,1.17,Census Tract 1.17,G5020,S,1282625,0,+35.1270793,-106.5421520,92.41573033707866,24.344569288389515,3.6834924965893587,15.5,75714.0,19.0,98.0,8.7,7.9,2.73736137720161,3200174701 MONTGOMERY BOULEVARD NE87109,25,,0.8539055747623164,0.9263301500682128,0.6223580947843464,0.7394957983193278,0.2504752075001075,0.6753812636165577,0.96,0.8507718696397941,0.6680672268907564,0.27982675259144385,0.7201732474085561,0.8648524835772243,,0.7411637669158644
35,001,003201,35001003201,32.01,Census Tract 32.01,G5020,S,3852968,1895,+35.1327674,-106.6321152,84.30321592649311,41.50076569678408,6.108673641579481,19.2,52286.0,15.2,84.4,17.7,3.5,2.38424752554676,3200174701 MONTGOMERY BOULEVARD NE87109,25,,0.6976356657635371,0.8778265271684104,0.35622487134670644,0.6773109243697479,0.14972261643658882,0.7581699346405228,0.6880000000000002,0.6963979416809605,0.8529411764705882,0.3542812715329992,0.6457187284670007,0.8831793528186975,,0.6637409010695758
35,001,004752,35001004752,47.52,Census Tract 47.52,G5020,S,1920698,0,+35.1856426,-106.6759363,95.28619528619528,26.936026936026934,11.530398322851152,7.8,87179.0,10.3,90.7,14.3,7.1,1.52146791891408,32007410501 GOLF COURSE ROAD NW87114,25,,0.9091988258654924,0.7693920335429769,0.582158451416402,0.8689075630252101,0.29978067346148884,0.8649237472766884,0.8140000000000001,0.7547169811320754,0.7016806722689075,0.2731340830393512,0.7268659169606488,0.9279582505052776,,0.7492717198494518
35,001,003736,35001003736,37.36,Census Tract 37.36,G5020,S,12796741,111935,+35.1741770,-106.5943037,82.22222222222221,41.333333333333336,12.815036309269543,11.7,50096.0,12.9,96.3,21.4,2.5,2.95720147972353,3200174701 MONTGOMERY BOULEVARD NE87109,25,,0.6575498575498574,0.7436992738146091,0.35882214369846877,0.8033613445378152,0.14030447684169783,0.8082788671023965,0.9259999999999999,0.6329331046312179,0.8949579831932774,0.32748135598480527,0.6725186440151947,0.8534426201746145,,0.6819349671543955
35,001,004300,35001004300,43,Census Tract 43,G5020,S,3725874,254405,+35.0583611,-106.6697108,74.06876790830945,44.985673352435526,11.948893287745186,31.1,29751.0,19.3,83.5,38.7,14.5,2.54454432195737,3200211100 CENTRAL AVENUE SE87106,25,,0.5004913305414738,0.7610221342450962,0.3021657031194631,0.47731092436974787,0.05281039005719692,0.6688453159041394,0.67,0.3361921097770153,0.39075630252100846,0.6233937400531913,0.37660625994680874,0.8748598309028148,,0.5034454041437957
35,001,003807,35001003807,38.07,Census Tract 38.07,G5020,S,359013684,122314,+34.9598510,-106.3110805,91.09235818096577,22.50351617440225,5.925631338238219,13.3,80474.0,15.9,98.3,9.8,4.1,19.4009490072222,3200012211 LOMAS BOULEVARD NE87106,25,,0.8284136944474497,0.8814873732352356,0.6509171872592725,0.7764705882352941,0.27094568442781575,0.7429193899782135,0.966,0.8319039451114922,0.8277310924369748,0.22824429673924157,0.7717557032607585,0.0,,0.6776788955131748
35,001,000107,35001000107,1.07,Census Tract 1.07,G5020,S,3171004,1226,+35.1254592,-106.4851056,88.70431893687709,34.053156146179404,6.785009861932939,20.2,82632.0,13.3,100.0,16.5,2.8,5.77634808959907,3200174701 MONTGOMERY BOULEVARD NE87109,25,,0.7824133231109978,0.8642998027613412,0.47175492762640436,0.6605042016806723,0.2802262073710919,0.7995642701525054,1.0,0.7169811320754718,0.8823529411764706,0.3171016993602453,0.6828983006397547,0.7071268326471623,,0.7165223638602118
35,001,003715,35001003715,37.15,Census Tract 37.15,G5020,S,3963096,27236,+35.1549029,-106.5456010,84.59556929417826,22.720247295208658,3.8878603544035966,4.0,80972.0,14.6,98.0,1.0,4.1,3.12440083245938,3200174701 MONTGOMERY BOULEVARD NE87109,25,,0.7032672162115748,0.9222427929119281,0.6475551744665513,0.9327731092436975,0.2730873435685718,0.7712418300653594,0.96,0.9828473413379074,0.8277310924369748,0.15227332062871726,0.8477266793712828,0.8447648504963975,,0.7865510750738962
35,001,003726,35001003726,37.26,Census Tract 37.26,G5020,S,2079897,8422,+35.1558336,-106.5088635,96.74134419551935,13.849287169042771,1.531058617672791,3.1,170278.0,4.6,99.7,1.2,1.9,4.79163996648914,3200174701 MONTGOMERY BOULEVARD NE87109,25,,0.9372290981252285,0.9693788276465442,0.7851647679431175,0.9478991596638655,0.6571496151034275,0.9891067538126361,0.9940000000000001,0.9794168096054888,0.9201680672268908,0.09183779889015935,0.9081622011098407,0.7582339102332654,,0.8937747009360464
35,001,003803,35001003803,38.03,Census Tract 38.03,G5020,S,95847310,0,+35.1856436,-106.3135103,92.4274593064402,11.252653927813164,5.384150030248034,1.8,109118.0,13.5,95.7,1.8,2.5,15.9947162915738,3200174701 MONTGOMERY BOULEVARD NE87109,25,,0.8541315077939282,0.8923169993950393,0.8254446970208489,0.9697478991596639,0.39412978970455426,0.7952069716775599,0.914,0.9691252144082333,0.8949579831932774,0.08518105155449418,0.9148189484455058,0.17678598925859712,,0.7685847051611703
35,001,000109,35001000109,1.09,Census Tract 1.09,G5020,S,1278746,0,+35.1270871,-106.5245255,80.03838771593091,16.794625719769673,5.225148683092608,9.0,83077.0,17.8,93.8,9.3,4.4,3.72161475049275,3200174701 MONTGOMERY BOULEVARD NE87109,25,,0.615483045425464,0.8954970263381479,0.7394755939583433,0.8487394957983193,0.28213993893261086,0.7015250544662309,0.8759999999999999,0.8404802744425386,0.8151260504201681,0.1890446463451577,0.8109553536548423,0.8137690078419904,,0.7428235487623812
35,001,000110,35001000110,1.10,Census Tract 1.10,G5020,S,1293626,0,+35.1198675,-106.5244775,78.50179579271422,34.63314520266804,12.701772955808416,15.7,60841.0,17.0,98.3,13.3,4.8,3.80157276352419,3200174701 MONTGOMERY BOULEVARD NE87109,25,,0.5858839510070912,0.7459645408838317,0.4627579242412979,0.7361344537815127,0.18651356814174516,0.7189542483660131,0.966,0.771869639794168,0.7983193277310925,0.30772966361298226,0.6922703363870177,0.809619128014938,,0.678201678196169
35,001,000111,35001000111,1.11,Census Tract 1.11,G5020,S,1339721,0,+35.1198060,-106.5065439,96.44128113879003,21.70818505338078,11.947886876390212,7.4,99500.0,7.8,96.3,3.9,6.5,4.79087191413101,3200174701 MONTGOMERY BOULEVARD NE87109,25,,0.9314490373209233,0.7610422624721958,0.6632546558857186,0.8756302521008403,0.3527673848535673,0.9193899782135077,0.9259999999999999,0.9331046312178388,0.7268907563025211,0.20027992612327028,0.7997200738767297,0.7582737727169151,,0.7847802731084028
35,001,000112,35001000112,1.12,Census Tract 1.12,G5020,S,2195882,22171,+35.1069429,-106.4841376,92.05776173285199,10.830324909747292,1.51356993736952,1.6,110288.0,11.7,97.7,4.7,8.2,5.95564616675215,3200174701 MONTGOMERY BOULEVARD NE87109,25,,0.8470100897898732,0.9697286012526096,0.8319960199512699,0.973109243697479,0.39916139852922206,0.8344226579520697,0.9540000000000001,0.9193825042881647,0.6554621848739497,0.1550125117972842,0.8449874882027157,0.697821130251653,,0.8082093830586292
35,001,000113,35001000113,1.13,Census Tract 1.13,G5020,S,1331323,0,+35.1125274,-106.5067673,87.03947368421052,23.88157894736842,5.159705159705159,15.1,78396.0,10.9,94.5,13.9,6.4,4.89434682473521,3200174701 MONTGOMERY BOULEVARD NE87109,25,,0.7503437078272603,0.8968058968058968,0.629540171099126,0.746218487394958,0.2620092031135767,0.8518518518518519,0.89,0.7615780445969125,0.73109243697479,0.2828927149835534,0.7171072850164466,0.752903348567511,,0.7272343148231883
35,001,000115,35001000115,1.15,Census Tract 1.15,G5020,S,1304454,0,+35.1052704,-106.5242249,90.8930669800235,25.793184488836662,4.3478260869565215,13.2,61250.0,22.3,94.2,17.9,5.7,4.15457425571943,3200174701 MONTGOMERY BOULEVARD NE87109,25,,0.8245747838139142,0.9130434782608696,0.599886643441721,0.7781512605042017,0.1882724809701974,0.6034858387799564,0.884,0.6929674099485421,0.7605042016806722,0.29212262110621573,0.7078773788937842,0.791298090312258,,0.7036184187712333
35,001,000116,35001000116,1.16,Census Tract 1.16,G5020,S,1417999,0,+35.1050545,-106.5062014,87.15664439495174,12.694877505567929,8.018207282913165,3.1,100459.0,14.3,97.1,2.1,5.4,5.08541078396553,3200174701 MONTGOMERY BOULEVARD NE87109,25,,0.7526007461976281,0.8396358543417367,0.8030723948782925,0.9478991596638655,0.35689158388164965,0.7777777777777777,0.9419999999999998,0.9639794168096055,0.773109243697479,0.12798494623768936,0.8720150537623106,0.7429869882175497,,0.7899953165465584
35,001,003100,35001003100,31,Census Tract 31,G5020,S,4379624,95219,+35.1349663,-106.6723555,92.92682926829269,19.26829268292683,4.7398843930635834,7.4,89676.0,11.5,98.9,4.6,1.4,3.86519268645749,320009601 DR MARTIN LUTHER KING JR AVE NE87102,25,,0.8637507817385868,0.9052023121387284,0.7011031629750927,0.8756302521008403,0.31051907280780977,0.8387799564270153,0.9780000000000001,0.9210977701543739,0.9411764705882353,0.14024808604536446,0.8597519139546356,0.8063172071095784,,0.8141576986040262
35,001,003202,35001003202,32.02,Census Tract 32.02,G5020,S,4536743,0,+35.1250391,-106.6444882,85.84574934268186,37.3794916739702,11.520034843205575,24.3,43036.0,21.2,87.9,13.3,6.6,2.71939811639378,320009601 DR MARTIN LUTHER KING JR AVE NE87102,25,,0.7273492100946088,0.7695993031358885,0.4201555885203916,0.5915966386554622,0.10994280307917258,0.6274509803921569,0.7580000000000001,0.771869639794168,0.7226890756302522,0.3734222643499315,0.6265777356500686,0.8657847900569412,,0.6364438029359042
35,001,003400,35001003400,34,Census Tract 34,G5020,S,4617690,123823,+35.1181416,-106.6144797,76.13941018766755,38.766756032171585,19.955323901712585,36.2,35207.0,14.3,75.8,36.2,2.1,1.6511740588824,3200174701 MONTGOMERY BOULEVARD NE87109,25,,0.5403777411150064,0.6008935219657483,0.39863583398857505,0.3915966386554621,0.07627402915752807,0.7777777777777777,0.5159999999999999,0.37907375643224694,0.9117647058823529,0.47973226626034066,0.5202677337396593,0.9212264062123522,,0.551362041118705
35,001,000118,35001000118,1.18,Census Tract 1.18,G5020,S,1361992,0,+35.1269225,-106.5597321,83.80345768880801,30.39126478616925,5.781818181818181,5.8,70129.0,11.2,95.7,9.6,4.3,1.76476854531117,3200174701 MONTGOMERY BOULEVARD NE87109,25,,0.6880089125312056,0.8843636363636364,0.5285595321156078,0.9025210084033614,0.22645680127295403,0.8453159041394336,0.914,0.8353344768439108,0.819327731092437,0.22856431288617077,0.7714356871138293,0.9153307686167836,,0.755921877137933
35,001,000119,35001000119,1.19,Census Tract 1.19,G5020,S,1215986,0,+35.1197991,-106.5600346,93.64406779661016,17.09039548022599,2.9817780231916067,4.1,118500.0,17.4,93.1,6.9,3.0,1.90159817619144,3200174701 MONTGOMERY BOULEVARD NE87109,25,,0.8775668187744456,0.9403644395361679,0.7348875047413708,0.9310924369747899,0.4344772717498817,0.710239651416122,0.8619999999999999,0.8816466552315609,0.8739495798319328,0.14460595580508642,0.8553940441949136,0.908229209893585,,0.8154453568149858
35,001,000120,35001000120,1.20,Census Tract 1.20,G5020,S,1279278,0,+35.1199118,-106.5420786,81.84410646387833,48.85931558935361,8.233587232499092,38.9,37391.0,9.4,92.4,20.8,19.8,2.84295575663575,3200174701 MONTGOMERY BOULEVARD NE87109,25,,0.6502662815638102,0.8353282553500182,0.24207634121108712,0.346218487394958,0.08566636563024126,0.8845315904139434,0.8480000000000001,0.6432246998284734,0.16806722689075626,0.6501033111686814,0.34989668883131864,0.8593720574329236,,0.5562751305716211
35,001,000121,35001000121,1.21,Census Tract 1.21,G5020,S,2592024,0,+35.1090849,-106.5419867,87.96680497925311,45.35269709543569,8.604055916519,15.1,43321.0,13.3,91.4,19.0,5.1,3.14964228874085,3200174701 MONTGOMERY BOULEVARD NE87109,25,,0.7682067241195871,0.82791888166962,0.2964722959400613,0.746218487394958,0.1111684513826173,0.7995642701525054,0.8280000000000001,0.6740994854202401,0.7857142857142857,0.3743738613826137,0.6256261386173863,0.8434548003055966,,0.6680817682099471
35,001,000122,35001000122,1.22,Census Tract 1.22,G5020,S,2634946,0,+35.1091892,-106.5598714,92.46051961283749,29.44472745797249,4.677488252883384,14.3,61307.0,9.4,93.3,7.8,4.8,2.33002089053624,3200174701 MONTGOMERY BOULEVARD NE87109,25,,0.8547683425421579,0.9064502349423323,0.5432425669947024,0.7596638655462185,0.18851761063088635,0.8845315904139434,0.866,0.8662092624356775,0.7983193277310925,0.2581412443230773,0.7418587556769227,0.8859937551554664,,0.7553696556392477
35,001,000123,35001000123,1.23,Census Tract 1.23,G5020,S,2519294,0,+35.0949234,-106.5414597,89.41587618572142,22.466300549176236,4.037656903765691,4.2,69276.0,22.5,94.8,10.4,4.5,3.76315391745654,3200174701 MONTGOMERY BOULEVARD NE87109,25,,0.7961199226800824,0.9192468619246862,0.651494489714192,0.9294117647058824,0.2227884574033458,0.5991285403050108,0.8959999999999999,0.8216123499142367,0.8109243697478992,0.19663925647944744,0.8033607435205525,0.8116130944509483,,0.7458339850846285
35,001,000124,35001000124,1.24,Census Tract 1.24,G5020,S,1699157,0,+35.0981158,-106.5604302,71.8024482904179,48.92359645420009,10.887728459530026,24.4,29564.0,17.9,94.3,40.0,10.4,2.88768341295268,3200174701 MONTGOMERY BOULEVARD NE87109,25,,0.4568356225173448,0.7822454308093995,0.24107919281293866,0.5899159663865546,0.052006192749322666,0.6993464052287581,0.8859999999999999,0.31389365351629495,0.5630252100840336,0.5730214943000445,0.42697850569995555,0.8570506590936731,,0.544139833319832
35,001,000125,35001000125,1.25,Census Tract 1.25,G5020,S,2453640,126336,+35.0948607,-106.4888520,99.23258559622195,12.868949232585598,4.967757344160497,3.2,116524.0,8.2,97.5,0.0,4.7,6.29621590000312,3200174701 MONTGOMERY BOULEVARD NE87109,25,,0.9852174340810703,0.9006448531167901,0.8003721302789726,0.946218487394958,0.42597944351266503,0.9106753812636166,0.95,1.0,0.8025210084033614,0.11272209348067702,0.887277906519323,0.6801453100037553,,0.8401774048055188
35,001,000127,35001000127,1.27,Census Tract 1.27,G5020,S,1262584,0,+35.0980013,-106.5238795,90.90090090090091,21.98198198198198,8.774767488879903,11.7,77188.0,22.3,94.0,9.2,4.0,4.41849216279194,3200174701 MONTGOMERY BOULEVARD NE87109,25,,0.8247256872256874,0.8245046502224019,0.6590074173113043,0.8033613445378152,0.25681417451511634,0.6034858387799564,0.88,0.8421955403087479,0.8319327731092437,0.21587573118322223,0.7841242688167778,0.7776005563561874,,0.730362798236646
35,001,000128,35001000128,1.28,Census Tract 1.28,G5020,S,1309193,6324,+35.0908404,-106.5236494,89.25438596491229,20.97953216374269,6.332320162107397,11.8,59209.0,16.5,88.8,17.9,9.1,4.7002865575881,3200174701 MONTGOMERY BOULEVARD NE87109,25,,0.7930091655420604,0.8733535967578521,0.6745577872832849,0.8016806722689076,0.17949511890938805,0.7298474945533768,0.7759999999999999,0.6929674099485421,0.6176470588235294,0.30328676791893405,0.696713232081066,0.7629752195074443,,0.6901533523594384
35,001,000129,35001000129,1.29,Census Tract 1.29,G5020,S,1324534,0,+35.0902019,-106.5059112,93.1867184131091,32.082794307891334,11.101801424382069,20.3,37313.0,17.7,93.8,25.9,3.7,5.56116973431449,3200174701 MONTGOMERY BOULEVARD NE87109,25,,0.8687569796884158,0.7779639715123586,0.5023199045524984,0.6588235294117647,0.08533092504193007,0.7037037037037037,0.8759999999999999,0.5557461406518011,0.8445378151260504,0.3596431525644713,0.6403568474355287,0.7182947479311834,,0.6591477717619705
35,001,000203,35001000203,2.03,Census Tract 2.03,G5020,S,1179728,301,+35.1278170,-106.5777771,91.29533678756476,43.626943005181346,6.37037037037037,21.2,39628.0,21.4,97.1,20.8,18.8,0.781988146456365,3200174701 MONTGOMERY BOULEVARD NE87109,25,,0.8323236349143084,0.8725925925925926,0.3232428275874696,0.6436974789915966,0.09528662968219155,0.6230936819172114,0.9419999999999998,0.6432246998284734,0.2100840336134454,0.5449377399947537,0.4550622600052463,0.9663377958927906,,0.6151883375020079
35,001,003501,35001003501,35.01,Census Tract 35.01,G5020,S,6569946,0,+35.1589049,-106.6288540,90.75117370892019,33.23943661971831,7.0699135899450125,11.5,56824.0,16.5,97.0,15.6,6.6,2.86277435855027,3200174701 MONTGOMERY BOULEVARD NE87109,25,,0.8218415192006742,0.8586017282010998,0.48437764395560645,0.8067226890756303,0.1692383778437191,0.7298474945533768,0.94,0.7324185248713551,0.7226890756302522,0.313448016616789,0.686551983383211,0.8583434573818804,,0.7124080510713594
35,001,000204,35001000204,2.04,Census Tract 2.04,G5020,S,1359205,0,+35.1271221,-106.5952716,91.83400267737618,25.36813922356091,2.1498371335504887,11.5,63846.0,27.2,96.0,18.5,4.8,0.416990469922697,3200174701 MONTGOMERY BOULEVARD NE87109,25,,0.8426998592661245,0.9570032573289903,0.6064801017970587,0.8067226890756303,0.19943663183245172,0.49673202614379075,0.92,0.6826758147512864,0.7983193277310925,0.27645051666123305,0.723549483338767,0.9852814444070733,,0.7295351152333498
35,001,000205,35001000205,2.05,Census Tract 2.05,G5020,S,1216552,0,+35.1199109,-106.5952785,87.52613240418118,37.77003484320557,7.3409461663947795,21.6,56234.0,12.8,95.1,27.1,3.8,0.865277953300368,3200174701 MONTGOMERY BOULEVARD NE87109,25,,0.7597181274010542,0.8531810766721044,0.41409733935804793,0.6369747899159663,0.1667010708295704,0.8104575163398693,0.9019999999999999,0.5351629502572899,0.8403361344537815,0.3933571965037286,0.6066428034962714,0.9620149935104315,,0.6880643998738114
35,001,000206,35001000206,2.06,Census Tract 2.06,G5020,S,1401794,0,+35.1203906,-106.5775787,86.05388272583201,29.4770206022187,12.79104928938615,8.1,67962.0,10.5,93.1,17.9,11.7,1.07552179810507,3200174701 MONTGOMERY BOULEVARD NE87109,25,,0.7313584460969563,0.7441790142122771,0.5427416238737099,0.8638655462184874,0.2171375736464112,0.8605664488017429,0.8619999999999999,0.6929674099485421,0.5084033613445378,0.3480055146536807,0.6519944853463193,0.9511031829583874,,0.6974322607101053
35,001,000207,35001000207,2.07,Census Tract 2.07,G5020,S,2503995,0,+35.1093722,-106.5775575,87.34177215189874,30.69620253164557,7.204502814258912,10.6,65855.0,11.1,96.2,10.7,2.6,1.71915301133448,3200174701 MONTGOMERY BOULEVARD NE87109,25,,0.7561668289516391,0.8559099437148218,0.5238292257458514,0.8218487394957983,0.20807637724164624,0.8474945533769063,0.924,0.8164665523156089,0.8907563025210083,0.23677479498043325,0.7632252050195667,0.9176982484611821,,0.7562246771824462
35,001,000208,35001000208,2.08,Census Tract 2.08,G5020,S,2159463,8936,+35.1101426,-106.5953954,83.74635568513119,48.542274052478135,4.100719424460432,23.9,41594.0,23.1,90.2,30.2,6.4,1.50455817681908,3200174701 MONTGOMERY BOULEVARD NE87109,25,,0.6869089668834566,0.9179856115107914,0.2469944060410636,0.5983193277310925,0.10374145271577861,0.5860566448801743,0.804,0.4819897084048027,0.73109243697479,0.4854010302120628,0.5145989697879372,0.9288358785870698,,0.608592443372902
35,001,000300,35001000300,3,Census Tract 3,G5020,S,3820053,13550,+35.0992330,-106.6157686,94.73495702005731,29.15472779369627,3.343313373253493,17.6,72500.0,7.5,97.8,13.4,2.9,0.660616636036498,3200012211 LOMAS BOULEVARD NE87106,25,,0.8985804220850783,0.9331337325349301,0.5477411483592699,0.7042016806722688,0.23665333505354147,0.9259259259259259,0.956,0.7701543739279588,0.8781512605042017,0.27493788413407516,0.7250621158659248,0.972637066767271,,0.7823178945830447
35,001,000501,35001000501,5.01,Census Tract 5.01,G5020,S,1288333,0,+35.0800836,-106.5818291,76.90763052208835,24.69879518072289,4.175665946724262,33.4,40099.0,28.2,95.0,28.1,3.4,2.15247461307139,3200012211 LOMAS BOULEVARD NE87106,25,,0.5551758315312532,0.9164866810655148,0.6168632125675848,0.43865546218487395,0.09731217477314755,0.4749455337690631,0.9,0.5180102915951972,0.8571428571428572,0.3923320441273717,0.6076679558726283,0.8952085378556056,,0.6269800582485097
35,001,004736,35001004736,47.36,Census Tract 47.36,G5020,S,12795312,205156,+35.0512374,-106.7783495,90.80962800875274,39.606126914660834,44.421487603305785,35.0,37057.0,10.2,64.0,17.3,4.1,8.07456482195452,320009601 DR MARTIN LUTHER KING JR AVE NE87102,25,,0.8229675138865511,0.11157024793388426,0.38561520439801755,0.4117647058823529,0.08422999182901131,0.8671023965141612,0.28,0.7032590051457976,0.8277310924369748,0.4179074980342143,0.5820925019657857,0.5878476898294708,,0.5082087847856221
35,001,004734,35001004734,47.34,Census Tract 47.34,G5020,S,1635656,0,+35.0482633,-106.7205001,89.6057347670251,36.24551971326165,26.75317101618312,21.0,52955.0,11.4,68.6,23.1,4.9,5.24151722157067,320009601 DR MARTIN LUTHER KING JR AVE NE87102,25,,0.799777134454554,0.4649365796763376,0.43774617829958085,0.6470588235294117,0.15259966455941168,0.840958605664488,0.3719999999999999,0.6037735849056604,0.7941176470588235,0.37932594155163085,0.6206740584483692,0.7348849490131008,,0.5847853167161368
35,001,000402,35001000402,4.02,Census Tract 4.02,G5020,S,1973340,0,+35.0910699,-106.5908759,88.29787234042553,16.888297872340424,2.047111609646663,7.3,82269.0,11.2,92.8,7.6,5.5,1.55517941672357,3200012211 LOMAS BOULEVARD NE87106,25,,0.7745840152755046,0.9590577678070668,0.7380225171039771,0.8773109243697479,0.278665118479336,0.8453159041394336,0.856,0.869639794168096,0.7689075630252101,0.18652980033324218,0.8134701996667578,0.926208598914457,,0.7893712203282829
35,001,000601,35001000601,6.01,Census Tract 6.01,G5020,S,2431907,0,+35.0918994,-106.5659472,84.63949843260188,39.0282131661442,18.01572617946346,18.2,54835.0,16.0,93.0,23.5,5.5,2.95969306494639,3200012211 LOMAS BOULEVARD NE87106,25,,0.7041134153203119,0.6396854764107308,0.39458001484320493,0.6941176470588235,0.16068464284178385,0.7407407407407407,0.86,0.5969125214408233,0.7689075630252101,0.38637056340798454,0.6136294365920154,0.8533133050645746,,0.6413055326746204
35,001,000603,35001000603,6.03,Census Tract 6.03,G5020,S,1484877,0,+35.0797082,-106.5555419,72.31552162849873,52.01017811704835,21.58176943699732,34.0,26560.0,17.2,66.9,30.1,6.2,3.59625748790535,3200012211 LOMAS BOULEVARD NE87106,25,,0.46671886213870944,0.5683646112600536,0.193199003767342,0.4285714285714286,0.03908742957897906,0.7145969498910676,0.33800000000000013,0.483704974271012,0.7394957983193278,0.5387571987677224,0.46124280123227757,0.8202751421925449,,0.47920141999904653
35,001,000704,35001000704,7.04,Census Tract 7.04,G5020,S,2515337,0,+35.0824497,-106.5187142,72.46376811594203,36.16600790513834,12.247223013386499,17.0,52500.0,25.0,93.2,14.9,4.8,5.29371166089184,3200174701 MONTGOMERY BOULEVARD NE87109,25,,0.46957450761798586,0.75505553973227,0.4389795946870766,0.7142857142857143,0.1506429277942631,0.5446623093681917,0.8640000000000001,0.7444253859348199,0.7983193277310925,0.32599749434032416,0.6740025056596759,0.7321760191308879,,0.6212121326282302
35,001,000711,35001000711,7.11,Census Tract 7.11,G5020,S,3089351,0,+35.0772012,-106.4887034,87.75971093044264,27.05510388437218,11.770244821092279,11.5,82273.0,16.1,98.5,6.1,4.0,6.86444958831364,3200174701 MONTGOMERY BOULEVARD NE87109,25,,0.7642175086280777,0.7645951035781544,0.5803112860339439,0.8067226890756303,0.27868232056078784,0.7385620915032679,0.97,0.8953687821612349,0.8319327731092437,0.2214161174049868,0.7785838825950132,0.6506535626382457,,0.7281046117288587
35,001,000712,35001000712,7.12,Census Tract 7.12,G5020,S,1431338,0,+35.0786286,-106.5013356,79.14110429447852,27.99776910206358,1.8756169792694966,15.6,57633.0,13.8,90.4,25.7,6.7,6.22346186129023,3200174701 MONTGOMERY BOULEVARD NE87109,25,,0.5981988359288972,0.9624876604146101,0.565688316755975,0.7378151260504202,0.1727174988173569,0.7886710239651415,0.8080000000000002,0.5591766723842195,0.7184873949579832,0.35470812246285055,0.6452918775371494,0.6839212982523939,,0.6595163827526997
35,001,001800,35001001800,18,Census Tract 18,G5020,S,2005243,19524,+35.0902458,-106.6196239,66.74259681093395,64.46469248291572,7.3339483394833955,29.8,27135.0,17.7,85.2,1.6,8.5,0.133399978402575,3200012211 LOMAS BOULEVARD NE87106,25,,0.35936861164651607,0.853321033210332,0.0,0.4991596638655462,0.04156022878768331,0.7037037037037037,0.7040000000000001,0.9725557461406518,0.6428571428571428,0.4713568617841648,0.5286431382158352,1.0,,0.5776526130211576
35,001,002000,35001002000,20,Census Tract 20,G5020,S,1899988,0,+35.0960090,-106.6374224,81.09854604200322,39.337641357027465,8.16831683168317,38.5,34592.0,21.0,81.5,27.7,6.7,0.702561711444542,320009601 DR MARTIN LUTHER KING JR AVE NE87102,25,,0.6359046849757671,0.8366336633663366,0.38978005103409696,0.3529411764705882,0.07362920913430525,0.6318082788671024,0.63,0.5248713550600344,0.7184873949579832,0.5034800056193243,0.49651999438067573,0.9704600864287077,,0.5764515900294922
35,001,002100,35001002100,21,Census Tract 21,G5020,S,1276194,0,+35.0857393,-106.6501949,70.30015797788309,59.0047393364929,5.7770075101097635,35.7,17471.0,24.3,93.0,24.2,8.2,0.587477313424629,320009601 DR MARTIN LUTHER KING JR AVE NE87102,25,,0.4278972738688377,0.8844598497978047,0.08469679969185939,0.3999999999999999,0.0,0.559912854030501,0.86,0.5849056603773585,0.6554621848739497,0.5687338387642081,0.43126616123579187,0.9764330515343252,,0.5433767674174637
35,001,002200,35001002200,22,Census Tract 22,G5020,S,2639508,448482,+35.0845439,-106.6682329,78.43137254901961,45.14963880288958,8.427876823338735,19.0,41707.0,17.9,91.0,26.7,3.5,1.60954467599135,320009601 DR MARTIN LUTHER KING JR AVE NE87102,25,,0.5845274007038713,0.8314424635332253,0.29962221079616524,0.680672268907563,0.10422741151679353,0.6993464052287581,0.82,0.5420240137221269,0.8529411764705882,0.40618508252588914,0.5938149174741109,0.9233870018765326,,0.6338190352755624
35,001,003502,35001003502,35.02,Census Tract 35.02,G5020,S,11187295,309365,+35.1587298,-106.6482325,92.82178217821783,23.564356435643564,5.617521800851754,8.9,95625.0,18.5,95.1,9.9,1.4,3.67114730434579,32007410501 GOLF COURSE ROAD NW87114,25,,0.8617272784970806,0.8876495639829649,0.6344610432774727,0.8504201680672269,0.3361028684470821,0.6862745098039216,0.9019999999999999,0.8301886792452831,0.9411764705882353,0.18593840970544556,0.8140615902945545,0.8163883055051997,,0.7746388887414467
35,001,003707,35001003707,37.07,Census Tract 37.07,G5020,S,3175773,75838,+35.1423339,-106.5648953,88.5042735042735,37.05128205128205,1.7223490350695165,18.1,38224.0,28.6,94.1,28.5,10.3,1.61654293376894,3200174701 MONTGOMERY BOULEVARD NE87109,25,,0.7785598838483453,0.9655530192986097,0.42524689680166716,0.6957983193277311,0.0892486990925902,0.46623093681917205,0.8819999999999999,0.5111492281303602,0.5672268907563025,0.45014466624598476,0.5498553337540153,0.9230237871382634,,0.6304037661213042
35,001,003717,35001003717,37.17,Census Tract 37.17,G5020,S,2281217,0,+35.1434578,-106.5418764,87.35271013354281,32.050274941084055,2.2488136991953787,10.5,74262.0,13.1,99.1,6.2,2.0,2.85038808996182,3200174701 MONTGOMERY BOULEVARD NE87109,25,,0.7563775253288215,0.9550237260160924,0.5028243569209929,0.8235294117647058,0.24423085193308391,0.803921568627451,0.9819999999999999,0.8936535162950258,0.9159663865546218,0.2160065821161634,0.7839934178838366,0.8589863138536571,,0.7736513657294453
35,001,000713,35001000713,7.13,Census Tract 7.13,G5020,S,1952855,40330,+35.0639964,-106.5063641,83.63431151241535,40.14296463506396,8.86336362077833,36.6,33586.0,23.9,86.6,35.3,11.2,6.51316500888767,3200012211 LOMAS BOULEVARD NE87106,25,,0.6847506800949239,0.8227327275844334,0.3772875803960043,0.3848739495798319,0.06930288564916355,0.5686274509803921,0.7319999999999999,0.39451114922813035,0.5294117647058825,0.5784788890225377,0.42152111097746225,0.6688854913023706,,0.5232383679521132
35,001,000904,35001000904,9.04,Census Tract 9.04,G5020,S,1682635,0,+35.0632800,-106.5730491,84.51428571428572,38.57142857142858,12.918324362274749,33.7,42708.0,11.2,82.6,16.7,8.4,3.12017783173904,3200012211 LOMAS BOULEVARD NE87106,25,,0.7017014652014653,0.7416335127545051,0.401665825340737,0.43361344537815116,0.10853223240012042,0.8453159041394336,0.6519999999999999,0.7135506003430532,0.6470588235294117,0.45102782635216176,0.5489721736478382,0.844984027347279,,0.6090055836434156
35,001,001101,35001001101,11.01,Census Tract 11.01,G5020,S,2350565,0,+35.0665170,-106.5948894,90.82440614811364,18.07172799254774,1.7866258295048496,15.8,66658.0,10.1,97.1,5.0,4.8,2.05100592082204,3200012211 LOMAS BOULEVARD NE87106,25,,0.8232521825325736,0.964267483409903,0.7196647141792065,0.7344537815126051,0.21152969509310626,0.869281045751634,0.9419999999999998,0.9142367066895368,0.7983193277310925,0.2083313674718898,0.7916686325281101,0.9004748377932664,,0.7877479774692924
35,001,001102,35001001102,11.02,Census Tract 11.02,G5020,S,1361879,4443,+35.0658581,-106.6103937,86.993006993007,38.04195804195804,3.1926605504587156,20.8,51836.0,14.8,91.1,14.8,8.7,1.69374487307011,3200012211 LOMAS BOULEVARD NE87106,25,,0.7494486282947823,0.9361467889908257,0.4098791667696262,0.6504201680672268,0.14778738227325505,0.7668845315904139,0.8219999999999998,0.7461406518010292,0.634453781512605,0.3897765579623782,0.6102234420376218,0.9190169495697853,,0.678217804886955
35,001,001300,35001001300,13,Census Tract 13,G5020,S,2890837,5724,+35.0537235,-106.6398078,61.87290969899666,31.83946488294314,8.437270726338959,28.1,39063.0,15.3,69.1,41.1,10.2,1.70383661046594,3200211100 CENTRAL AVENUE SE87106,25,,0.26556470285567274,0.8312545854732208,0.5060945200137089,0.5277310924369747,0.09285683567711693,0.75599128540305,0.3819999999999999,0.29502572898799306,0.5714285714285714,0.5249300217831879,0.47506997821681207,0.9184931809585968,,0.5146440503234905
35,001,002401,35001002401,24.01,Census Tract 24.01,G5020,S,3226566,393280,+35.0941994,-106.6982291,81.5068493150685,24.394099051633297,13.929784824462061,16.5,49161.0,16.8,75.8,17.7,6.2,3.23474329865181,320009601 DR MARTIN LUTHER KING JR AVE NE87102,25,,0.6437697576396206,0.7214043035107588,0.6215897708951584,0.7226890756302521,0.1362834903023266,0.7233115468409586,0.5159999999999999,0.6963979416809605,0.7394957983193278,0.3049568533685753,0.6950431466314246,0.839037995148715,,0.6359979679968079
35,001,002700,35001002700,27,Census Tract 27,G5020,S,2983609,0,+35.0968936,-106.6518233,79.43127962085308,40.28436018957346,1.7491926803013993,17.3,50385.0,19.1,86.9,11.0,4.2,1.00817704818507,320009601 DR MARTIN LUTHER KING JR AVE NE87102,25,,0.6037884311580993,0.965016146393972,0.3750942005928357,0.7092436974789915,0.1415473272265944,0.6732026143790849,0.7380000000000001,0.8113207547169812,0.8235294117647058,0.32020298386162144,0.6797970161383786,0.9545984251305634,,0.6795341008841829
35,001,002900,35001002900,29,Census Tract 29,G5020,S,3979889,0,+35.1125536,-106.6435655,79.58913187541418,40.49039098740888,8.535271943995692,30.0,55170.0,14.4,81.5,15.6,6.9,1.85350982986886,320009601 DR MARTIN LUTHER KING JR AVE NE87102,25,,0.6068291108052539,0.8292945611200861,0.3718981751423146,0.4957983193277311,0.16212531716337678,0.775599128540305,0.63,0.7324185248713551,0.7100840336134453,0.42245023676128846,0.5775497632387115,0.9107250305218679,,0.6224772201105736
35,001,003001,35001003001,30.01,Census Tract 30.01,G5020,S,2985371,0,+35.1156877,-106.6657918,79.29984779299848,32.67376966007103,6.094474905103332,10.8,56226.0,10.6,89.9,27.3,5.5,2.52273027553593,320009601 DR MARTIN LUTHER KING JR AVE NE87102,25,,0.6012566834484643,0.8781105018979334,0.4931524777112657,0.8184873949579832,0.16666666666666666,0.8583877995642701,0.7980000000000002,0.5317324185248713,0.7689075630252101,0.34693003644516746,0.6530699635548325,0.8759919959949503,,0.6790693501791616
35,001,003719,35001003719,37.19,Census Tract 37.19,G5020,S,2626353,0,+35.1346344,-106.5128772,73.4375,17.395833333333332,2.6254826254826256,10.6,81653.0,18.8,96.9,5.7,0.8,4.3644295533921,3200174701 MONTGOMERY BOULEVARD NE87109,25,,0.4883313301282051,0.9474903474903474,0.7301494405182568,0.8218487394957983,0.2760159979357502,0.6797385620915033,0.9380000000000002,0.902229845626072,0.9663865546218487,0.14484635493450604,0.855153645065494,0.7804064456428308,,0.7530597263550612
35,001,003722,35001003722,37.22,Census Tract 37.22,G5020,S,5541291,0,+35.1869783,-106.5705592,90.74225122349104,20.799347471451878,4.9023799344449195,3.4,118939.0,6.5,96.3,2.7,10.8,3.99945367501786,3200174701 MONTGOMERY BOULEVARD NE87109,25,,0.8216696469653242,0.9019524013111015,0.6773528784463826,0.9428571428571428,0.43636520018922287,0.9477124183006536,0.9259999999999999,0.9536878216123499,0.546218487394958,0.2199709174222917,0.7800290825777083,0.799348962816568,,0.7953164959893704
35,001,003723,35001003723,37.23,Census Tract 37.23,G5020,S,3760201,0,+35.1669408,-106.5725181,77.28658536585365,31.21951219512195,1.7832222049930222,13.3,46915.0,24.6,85.2,13.4,4.5,2.64651441704485,3200174701 MONTGOMERY BOULEVARD NE87109,25,,0.5624755706691681,0.9643355559001395,0.5157114539343274,0.7764705882352941,0.12662452156710963,0.5533769063180828,0.7040000000000001,0.7701543739279588,0.8109243697478992,0.2816848035386301,0.7183151964613699,0.8695675077881853,,0.6653640848088165
35,001,003724,35001003724,37.24,Census Tract 37.24,G5020,S,1771496,0,+35.1510588,-106.5649171,89.6136795440152,32.93223559214693,3.4504004929143557,7.5,67630.0,14.7,92.5,3.2,11.8,1.9688675463177,3200174701 MONTGOMERY BOULEVARD NE87109,25,,0.7999301732677286,0.9309919901417129,0.4891430591889575,0.8739495798319328,0.2157098008859072,0.7690631808278867,0.85,0.9451114922813036,0.5042016806722689,0.2968985470063843,0.7031014529936157,0.9047378799882795,,0.7282838837085979
35,001,003728,35001003728,37.28,Census Tract 37.28,G5020,S,1585537,0,+35.1409118,-106.5249908,93.13364055299539,29.5852534562212,4.596644449551827,3.6,66306.0,8.3,95.5,5.2,1.8,3.73108854167746,3200174701 MONTGOMERY BOULEVARD NE87109,25,,0.8677345503958407,0.9080671110089634,0.5410626760678054,0.9394957983193277,0.21001591192534297,0.9084967320261438,0.91,0.9108061749571184,0.9243697478991597,0.1710664006891472,0.8289335993108529,0.8132773110947528,,0.7933326013694455
35,001,003725,35001003725,37.25,Census Tract 37.25,G5020,S,2239094,0,+35.1537734,-106.5786656,91.01978691019787,33.43480466768138,4.358844399391789,22.5,58618.0,18.9,96.7,20.4,0.5,1.66962395883088,3200174701 MONTGOMERY BOULEVARD NE87109,25,,0.8270157670842602,0.9128231120121642,0.48134702299957166,0.6218487394957983,0.17695351137487636,0.6775599128540305,0.934,0.6500857632933105,0.9789915966386554,0.316931719393166,0.683068280606834,0.9202688428024507,,0.7180894268555118
35,001,003731,35001003731,37.31,Census Tract 37.31,G5020,S,7055063,4621,+35.1835853,-106.5115726,96.24277456647398,6.502890173410404,0.21299254526091588,1.5,184392.0,8.3,99.1,0.0,3.4,5.56832155309096,3200174701 MONTGOMERY BOULEVARD NE87109,25,,0.9276252408477841,0.9957401490947817,0.8991247778753652,0.9747899159663865,0.7178471595063003,0.9084967320261438,0.9819999999999999,1.0,0.8571428571428572,0.0672356122538478,0.9327643877461522,0.7179235632638563,,0.8980690395723474
35,001,003733,35001003733,37.33,Census Tract 37.33,G5020,S,2243354,12897,+35.1390834,-106.5953771,85.1006711409396,55.77181208053691,15.303668069753456,47.2,33473.0,15.6,79.1,44.4,11.8,0.448370420484794,3200174701 MONTGOMERY BOULEVARD NE87109,25,,0.7129969024264325,0.6939266386049309,0.13484715535845582,0.20672268907563018,0.06881692684814862,0.7494553376906318,0.5819999999999999,0.23842195540308742,0.5042016806722689,0.7289516298726394,0.2710483701273606,0.9836528018373744,,0.48750420879169604
35,001,001400,35001001400,14,Census Tract 14,G5020,S,1232744,134830,+35.0753406,-106.6547259,69.57040572792363,36.87350835322196,6.044985941893159,25.3,32500.0,20.6,80.0,36.8,11.5,1.17886724604822,320009601 DR MARTIN LUTHER KING JR AVE NE87102,25,,0.41384018725904165,0.8791002811621368,0.42800458773623895,0.5747899159663865,0.06463252053498474,0.6405228758169934,0.6,0.3687821612349914,0.5168067226890756,0.5279041530933268,0.47209584690667317,0.9457394780165408,,0.543221873041639
35,001,004401,35001004401,44.01,Census Tract 44.01,G5020,S,2939907,1726,+35.0594568,-106.6972171,83.01119023397762,36.62258392675483,11.665607120152574,31.3,44732.0,22.5,67.2,30.2,1.5,3.63603223006239,320009601 DR MARTIN LUTHER KING JR AVE NE87102,25,,0.6727476067506585,0.7666878575969485,0.43189701965210714,0.47394957983193275,0.11723648561475938,0.5991285403050108,0.3440000000000001,0.4819897084048027,0.9369747899159664,0.4187972255487978,0.5812027744512023,0.8182108037498325,,0.5642822391822019
35,001,004742,35001004742,47.42,Census Tract 47.42,G5020,S,4355898,112319,+35.1202961,-106.7180170,92.10526315789474,24.831309041835357,8.971807628524047,18.3,61974.0,13.1,85.5,13.5,4.7,5.03431448501001,320009601 DR MARTIN LUTHER KING JR AVE NE87102,25,,0.847925101214575,0.820563847429519,0.614807608856335,0.692436974789916,0.19138605771298328,0.803921568627451,0.71,0.7684391080617495,0.8025210084033614,0.28044882497215956,0.7195511750278405,0.7456389238051584,,0.6997640198901048
35,001,003746,35001003746,37.46,Census Tract 37.46,G5020,S,3814232,10804,+35.1645854,-106.6121351,84.06000937646508,22.73792780121894,3.256665988194586,1.9,90041.0,14.3,90.6,5.6,0.7,2.57791787743028,3200174701 MONTGOMERY BOULEVARD NE87109,25,,0.6929508216428047,0.9348666802361083,0.64728090795989,0.9680672268907563,0.31208876274029157,0.7777777777777777,0.8119999999999998,0.9039451114922813,0.9705882352941176,0.12752962959073869,0.8724703704092613,0.8731277187684177,,0.7892693242802444
